age,occup,gender,origlat,origlon,destlat,destlon,purp,vehic,freqpweek,OD_dist,travtime,reason,own_car,own_motob,own_ebike,own_bike,freq_car,freq_motob,freq_ebike,freq_bike,freq_taxi,freq_bus,school_acc,market_acc,hosp_acc,bank_acc,leis_acc,type,status,own,reas_not_car,reas_not_motob,reas_not_ebike,reas_not_bike,dist_to_pub,aware_ban,fut_veh,alt_veh,alt_car,alt_ebike,alt_bike,alt_bus,alt_ltrain,alt_taxi,alt_walk,opinion_car,opinion_motob,opinion_ebike,opinion_bike,opinion_taxi,opinion_bus,opinion_ban
more_75,retired,female,21.044412,105.866207,21.044377,105.868912,leisure,walk,11_13,0.280748259,7,timesaving,0,more_5,0,4,,,,6_10,,,good,good,neutral,neutral,neutral,private_house,permanent,owner,jam,jam,unsafe,slow,200,yes,no,bike walk,0,0,1,0,0,0,1,good,good,neutral,good,neutral,neutral,agree
26_35,private,male,21.069881,105.90403,21.069162,105.905878,work,car,8_10,0.207750273,29,cost convinient timesaving,3,4,more_5,2,,,,,,,,,,,,high_rise,permanent,owner,parking,unsafe,unsafe,slow,4850,yes,car,car ebike taxi,1,1,0,0,0,1,0,verygood,verygood,verygood,good,verygood,neutral,strongdisagree
more_75,retired,female,21.04635,105.881709,21.047415,105.882841,shopping,walk,11_13,0.166806609,5,cost convinient other,0,more_5,0,4,,,,6_10,,,good,good,neutral,neutral,neutral,private_house,permanent,owner,jam,jam,unsafe,slow,200,yes,no,bike walk,0,0,1,0,0,0,1,good,good,neutral,good,neutral,neutral,agree
more_75,retired,female,21.053806,105.874787,21.051679,105.875845,shopping,walk,11_13,0.260753001,5,cost convinient other,0,more_5,0,4,,,,6_10,,,good,good,neutral,neutral,neutral,private_house,permanent,owner,jam,jam,unsafe,slow,200,yes,no,bike walk,0,0,1,0,0,0,1,good,good,neutral,good,neutral,neutral,agree
more_75,retired,female,21.04509,105.878597,21.044252,105.872334,shopping,walk,8_10,0.65661002,8,convinient,0,more_5,0,4,,,,6_10,,,good,good,neutral,neutral,neutral,private_house,permanent,owner,jam,jam,unsafe,slow,200,yes,no,bike walk,0,0,1,0,0,0,1,good,good,neutral,good,neutral,neutral,agree
18_25,student,female,21.018055,105.814648,18.441414,105.894919,leisure,moto,17_20,286.6329902,30,convinient,4,more_5,4,4,6_10,16_20,11_15,11_15,16_20,16_20,very_good,very_good,good,very_good,very_good,high_rise,long_stay,rent,unsafe,jam,jam,unsafe,1000,no,no,bike,0,0,1,0,0,0,0,good,verygood,good,verygood,good,verygood,neutral
36_55,fdi,male,21.040207,105.866269,21.03638,105.850177,visit,ebike,14_16,1.723437477,20,convinient,4,4,4,4,,16_20,,,,,very_good,very_good,very_good,very_good,very_good,private_house,permanent,parent_house,unsafe,unsafe,unsafe,unsafe,1000,yes,moto,bike,0,0,1,0,0,0,0,neutral,good,good,good,good,verybad,strongdisagree
18_25,student,female,21.03528,105.773964,21.036462,105.774951,education,moto,more_20,0.166635958,5,convinient,3,more_5,3,3,,16_20,16_20,,,,good,good,good,good,good,private_house,long_stay,rent,jam,jam,jam,slow,200,yes,moto,bus lighttrain taxi,0,0,0,1,1,1,0,neutral,good,neutral,neutral,good,good,disagree
56_75,retired,female,21.035476,105.852297,21.034435,105.850623,caring,car,4_7,0.208766329,30,timesaving,3,3,3,3,,,,,,,,,,,,private_house,permanent,owner,jam,jam,slow,slow,30,donotcare,no,car,1,0,0,0,0,0,0,neutral,bad,neutral,bad,neutral,bad,agree
more_75,retired,female,21.051134,105.866365,21.050463,105.869005,shopping,walk,8_10,0.283942157,8,cost convinient,0,more_5,0,4,,,,6_10,,,good,good,neutral,neutral,neutral,private_house,permanent,owner,jam,jam,unsafe,slow,200,yes,no,bike walk,0,0,1,0,0,0,1,good,good,neutral,good,neutral,neutral,agree
more_75,retired,female,21.044202,105.871542,21.045311,105.871171,shopping,walk,11_13,0.129186174,5,cost convinient,0,more_5,0,4,,,,6_10,,,good,good,neutral,neutral,neutral,private_house,permanent,owner,jam,jam,unsafe,slow,200,yes,no,bike walk,0,0,1,0,0,0,1,good,good,neutral,good,neutral,neutral,agree
36_55,fdi,female,20.990852,105.807302,20.988085,105.811418,education,bike,4_7,0.526554042,13,timesaving,3,3,3,3,,11_15,,,,,neutral,neutral,neutral,neutral,neutral,high_rise,permanent,parent_house,jam,jam,jam,jam,45,no,ebike,lighttrain,0,0,0,0,1,0,0,neutral,neutral,neutral,neutral,neutral,neutral,disagree
56_75,retired,female,21.030274,105.846281,21.034766,105.850006,caring,bike,11_13,0.631627355,14,timesaving,0,more_5,0,3,,6_10,,11_15,,,neutral,neutral,good,bad,neutral,private_house,permanent,owner,cost,jam,jam,slow,600,yes,no,car ebike bike walk,1,1,1,0,0,0,1,verygood,good,good,verygood,neutral,neutral,disagree
18_25,student,female,20.999594,105.863378,21.001796,105.859073,education,walk,8_10,0.509578492,5,cost convinient,0,more_5,1,3,,more_20,,11_15,1_5,,good,very_good,good,neutral,good,old_building,permanent,parent_house,cost,jam,jam,slow,650,no,no,car ebike taxi,1,1,0,0,0,1,0,verygood,verygood,good,good,good,bad,disagree
18_25,student,female,21.041009,105.777963,21.03542,105.796129,education,walk,more_20,1.985109838,15,cost,0,more_5,more_5,0,,,,,,1_5,very_good,good,neutral,good,good,private_house,long_stay,rent,cost,unsafe,slow,slow,400,yes,moto,ebike bus,0,1,0,1,0,0,0,verygood,verygood,good,good,good,good,disagree
56_75,retired,female,21.013689,105.865299,21.0099,105.782643,visit,car,4_7,8.590143868,35,timesaving,4,3,3,more_5,,,,,,,,,,,,private_new,permanent,owner,jam,jam,slow,slow,100,no,no,car bus lighttrain taxi,1,0,0,1,1,1,0,good,neutral,good,neutral,good,neutral,neutral
56_75,retired,female,20.999814,105.814603,21.000175,105.815289,caring,walk,more_20,0.08174765,1,other,0,4,0,0,,,,,,,good,very_good,very_good,good,good,private_house,permanent,owner,cost,unsafe,unsafe,slow,200,yes,bike,bus taxi walk,0,0,0,1,0,1,1,verygood,good,good,good,verygood,good,disagree
56_75,retired,female,21.037836,105.854292,21.033692,105.858416,shopping,walk,11_13,0.628904269,7,cost convinient,0,more_5,0,3,,6_10,,11_15,,,neutral,neutral,good,bad,neutral,private_house,permanent,owner,cost,jam,jam,slow,600,yes,no,car ebike bike walk,1,1,1,0,0,0,1,verygood,good,good,verygood,neutral,neutral,disagree
56_75,retired,female,21.038703,105.847617,21.03846,105.848791,caring,walk,8_10,0.124801077,5,cost convinient,0,more_5,0,3,,6_10,,11_15,,,neutral,neutral,good,bad,neutral,private_house,permanent,owner,cost,jam,jam,slow,600,yes,no,car ebike bike walk,1,1,1,0,0,0,1,verygood,good,good,verygood,neutral,neutral,disagree
18_25,student,female,21.064996,105.405848,21.065476,105.401856,work,moto,17_20,0.417650892,5,cost,3,1,4,4,,1_5,,,,,good,good,neutral,neutral,neutral,social_house,permanent,parent_house,cost,unsafe,slow,slow,1000,yes,car,walk,0,0,0,0,0,0,1,verygood,good,neutral,bad,neutral,neutral,strongdisagree
26_35,state,male,21.020536,105.825761,21.026746,105.827691,visit,car,more_20,0.718991266,360,convinient,3,2,3,3,6_10,11_15,16_20,6_10,11_15,16_20,good,good,good,good,neutral,private_house,permanent,parent_house,parking,jam,parking,unsafe,500,yes,moto,car,1,0,0,0,0,0,0,bad,verybad,neutral,bad,neutral,neutral,strongagree
56_75,retired,female,21.033598,105.857774,21.036137,105.850355,caring,moto,14_16,0.820110413,12,timesaving,0,more_5,0,3,,6_10,,11_15,,,neutral,neutral,good,bad,neutral,private_house,permanent,owner,cost,jam,jam,slow,600,yes,no,car ebike bike walk,1,1,1,0,0,0,1,verygood,good,good,verygood,neutral,neutral,disagree
more_75,retired,female,20.992243,105.848414,20.991066,105.852501,leisure,walk,1_3,0.444019828,4,convinient timesaving,1,4,0,2,,,,11_15,,,neutral,neutral,good,neutral,good,private_house,permanent,owner,cost,jam,jam,slow,300,yes,no,bike walk,0,0,1,0,0,0,1,good,good,neutral,good,neutral,neutral,agree
18_25,student,female,21.037072,105.776444,21.036201,105.790572,education,bus,more_20,1.469456483,10,cost,0,more_5,3,1,1_5,1_5,1_5,1_5,1_5,more_20,very_good,very_good,very_good,very_good,very_good,social_house,long_stay,rent,cost,unsafe,slow,slow,300,yes,moto,ebike,0,1,0,0,0,0,0,neutral,bad,bad,good,neutral,neutral,disagree
56_75,retired,male,20.998744,105.857005,21.127702,105.544796,caring,taxi,1_3,35.42817589,61,other,0,2,2,2,,,,more_20,1_5,1_5,,,,,,old_building,permanent,owner,unsafe,unsafe,slow,slow,450,donotcare,car,ebike bike bus lighttrain taxi walk,0,1,1,1,1,1,1,bad,bad,neutral,neutral,neutral,neutral,strongdisagree
56_75,retired,female,21.030603,105.830706,21.031083,105.831693,shopping,car,8_10,0.115509593,45,timesaving,3,3,3,3,,,,,,,,,,,,private_house,permanent,owner,jam,jam,slow,slow,150,yes,no,bus,0,0,0,1,0,0,0,neutral,bad,neutral,bad,neutral,bad,neutral
56_75,retired,female,21.026682,105.838188,21.030775,105.846455,caring,bike,8_10,0.971261246,25,cost convinient timesaving,1,4,1,1,,more_20,,,,,neutral,good,neutral,neutral,good,private_house,permanent,owner,jam,jam,slow,slow,700,yes,no,car ebike bike walk,1,1,1,0,0,0,1,good,good,neutral,good,neutral,neutral,disagree
18_25,student,female,21.038404,105.774908,21.034819,105.778813,visit,taxi,17_20,0.56847053,30,cost convinient timesaving,4,4,3,1,11_15,11_15,16_20,11_15,16_20,11_15,neutral,good,neutral,good,good,private_new,long_stay,owner,jam,jam,cost,slow,400,no,ebike,car ebike bus lighttrain taxi walk,1,1,0,1,1,1,1,neutral,good,good,good,good,good,agree
less_18,student,female,21.033918,105.836878,21.017041,105.804541,leisure,taxi,1_3,3.84533981,25,other,2,3,3,3,,,,,,,,,,,,private_house,permanent,parent_house,parking,unsafe,slow,slow,200,yes,no,car lighttrain taxi,1,0,0,0,1,1,0,neutral,neutral,verygood,verygood,verygood,verygood,strongagree
more_75,retired,female,20.988339,105.862129,20.986757,105.8625,shopping,walk,1_3,0.18007799,5,cost convinient,1,4,0,2,,,,11_15,,,neutral,neutral,good,neutral,good,private_house,permanent,owner,cost,jam,jam,slow,300,yes,no,bike walk,0,0,1,0,0,0,1,good,good,neutral,good,neutral,neutral,agree
more_75,retired,female,21.041126,105.883627,21.039635,105.883461,visit,walk,11_13,0.166684574,5,cost convinient other,0,more_5,0,4,,,,6_10,,,good,good,neutral,neutral,neutral,private_house,permanent,owner,jam,jam,unsafe,slow,200,yes,no,bike walk,0,0,1,0,0,0,1,good,good,neutral,good,neutral,neutral,agree
26_35,private,female,21.062756,105.898945,21.061391,105.898282,work,moto,8_10,0.166645148,10,cost convinient timesaving other,2,4,3,more_5,,,,,,,,,,,,private_house,permanent,owner,parking,jam,unsafe,slow,1205,yes,car,car ebike taxi,1,1,0,0,0,1,0,verygood,verygood,verygood,good,verygood,neutral,disagree
more_75,retired,female,21.065519,105.904118,21.045435,105.901703,caring,bike,1_3,2.247259541,12,cost other,1,3,1,2,,,,6_10,,,good,good,neutral,neutral,good,private_house,permanent,owner,jam,jam,jam,slow,400,yes,no,bike walk,0,0,1,0,0,0,1,good,good,neutral,good,neutral,neutral,agree
18_25,state,male,21.034078,105.821857,21.021941,105.802975,work,bus,8_10,2.379501706,66,convinient timesaving,0,1,2,3,,,6_10,1_5,,6_10,good,good,good,good,good,private_house,permanent,parent_house,cost,parking,parking,cost,10,no,moto,car,1,0,0,0,0,0,0,verygood,good,neutral,bad,verybad,verybad,neutral
26_35,state,male,21.026549,105.836768,21.027213,105.835395,leisure,moto,14_16,0.160496188,4,convinient timesaving other,1,4,0,3,,more_20,,6_10,,,neutral,good,neutral,neutral,good,private_house,permanent,parent_house,cost,jam,jam,slow,400,donotcare,no,ebike bike taxi walk,0,1,1,0,0,1,1,verygood,verygood,good,good,good,bad,disagree
more_75,retired,female,21.042386,105.874588,21.044993,105.878186,visit,bike,4_7,0.472714812,10,cost timesaving,0,more_5,0,4,,,,6_10,,,good,good,neutral,neutral,neutral,private_house,permanent,owner,jam,jam,unsafe,slow,200,yes,no,bike walk,0,0,1,0,0,0,1,good,good,neutral,good,neutral,neutral,agree
56_75,retired,female,21.030651,105.83221,21.031444,105.829976,shopping,walk,4_7,0.248063376,465,timesaving,0,1,2,0,6_10,6_10,6_10,,,,,,,,,old_building,permanent,rent,cost,parking,jam,jam,356,donotcare,ebike,lighttrain,0,0,0,0,1,0,0,bad,bad,verybad,verybad,verybad,verybad,disagree
18_25,student,female,21.181243,105.865578,21.171274,105.847993,work,moto,14_16,2.133846824,15,convinient,more_5,more_5,0,more_5,1_5,11_15,1_5,11_15,1_5,1_5,very_good,very_good,very_good,very_good,good,private_house,permanent,parent_house,cost,unsafe,unsafe,slow,10,yes,no,bike bus lighttrain walk,0,0,1,1,1,0,1,verygood,verygood,neutral,verygood,good,verygood,agree
more_75,retired,female,21.038109,105.876081,21.042,105.876145,shopping,walk,8_10,0.432711119,10,convinient,0,more_5,0,4,,,,6_10,,,good,good,neutral,neutral,neutral,private_house,permanent,owner,jam,jam,unsafe,slow,200,yes,no,bike walk,0,0,1,0,0,0,1,good,good,neutral,good,neutral,neutral,agree
more_75,retired,female,21.090073,105.782858,21.093758,105.780826,caring,walk,14_16,0.460803129,7,convinient,0,1,0,2,,,,11_15,,,good,good,neutral,neutral,good,private_house,permanent,owner,cost,jam,jam,slow,300,yes,no,bike lighttrain walk,0,0,1,0,1,0,1,good,good,neutral,good,neutral,neutral,agree
56_75,retired,female,21.017782,105.801277,21.021806,105.799201,shopping,bike,8_10,0.496630998,6,timesaving,0,4,1,2,,,,more_20,,,neutral,good,good,neutral,good,private_house,permanent,owner,cost,jam,unsafe,slow,600,yes,no,car ebike bike walk,1,1,1,0,0,0,1,good,good,good,good,neutral,neutral,agree
36_55,fdi,male,21.010988,105.865119,21.008217,105.84954,work,car,4_7,1.64623741,35,timesaving,4,4,3,4,,,,,,,,,,,,high_rise,permanent,owner,parking,parking,slow,slow,350,donotcare,no,car,1,0,0,0,0,0,0,neutral,bad,neutral,bad,neutral,bad,agree
56_75,fdi,female,20.947685,105.794097,20.94981,105.787483,leisure,ebike,11_13,0.726340789,5432,timesaving,1,0,1,0,,,,,,,,,,,,old_building,permanent,owner,jam,jam,unsafe,unsafe,543,yes,ebike,bike,0,0,1,0,0,0,0,neutral,neutral,good,good,good,good,neutral
18_25,student,female,21.001331,105.864476,21.006626,105.859745,education,ebike,14_16,0.766712867,11,convinient,0,more_5,1,3,,more_20,,11_15,1_5,,good,very_good,good,neutral,good,old_building,permanent,parent_house,cost,jam,jam,slow,650,no,no,car ebike taxi,1,1,0,0,0,1,0,verygood,verygood,good,good,good,bad,disagree
56_75,retired,female,21.030874,105.848975,21.038744,105.847637,caring,moto,14_16,0.886054722,12,convinient timesaving,0,more_5,0,3,,6_10,,11_15,,,neutral,neutral,good,bad,neutral,private_house,permanent,owner,cost,jam,jam,slow,600,yes,no,car ebike bike walk,1,1,1,0,0,0,1,verygood,good,good,verygood,neutral,neutral,disagree
56_75,retired,female,20.982318,105.828166,20.972699,105.821557,caring,car,4_7,1.270770467,35,timesaving,3,2,3,2,,,,,,,,,,,,private_house,permanent,owner,jam,jam,slow,slow,300,yes,no,car lighttrain,1,0,0,0,1,0,0,neutral,bad,neutral,bad,neutral,bad,neutral
56_75,private,female,20.94424,105.748823,21.119325,105.495782,visit,bus,1_3,32.69163656,50,other,0,3,3,3,,,,,,1_5,,,,,,private_house,permanent,parent_house,cost,cost,cost,cost,300,yes,no,ebike bus lighttrain taxi walk,0,1,0,1,1,1,1,verybad,verybad,verybad,verybad,verybad,verybad,neutral
56_75,fdi,male,21.175881,105.734535,21.175041,105.732087,shopping,taxi,8_10,0.270466032,345,timesaving,0,1,2,0,,,,,,,,,,,,old_building,long_stay,rent,parking,parking,parking,parking,34567,yes,moto,taxi,0,0,0,0,0,1,0,bad,bad,neutral,neutral,neutral,neutral,neutral
56_75,retired,female,21.06624,105.899954,21.067839,105.901455,visit,car,1_3,0.236369723,11,cost convinient timesaving,1,2,3,1,,,,,,,,,,,,old_building,permanent,owner,parking,cost,unsafe,slow,1240,no,no,car ebike,1,1,0,0,0,0,0,verygood,verygood,good,neutral,good,neutral,strongdisagree
36_55,private,male,21.035225,105.842601,21.034779,105.842499,visit,car,1_3,0.05071028,10,cost convinient timesaving,2,4,more_5,3,,,,,,,,,,,,private_house,permanent,owner,parking,unsafe,jam,slow,1250,donotcare,no,car ebike,1,1,0,0,0,0,0,verygood,verygood,good,good,neutral,neutral,strongdisagree
more_75,retired,female,21.037683,105.881249,21.034576,105.856449,visit,bus,1_3,2.596936897,30,cost,0,more_5,0,4,,,,6_10,,,good,good,neutral,neutral,neutral,private_house,permanent,owner,jam,jam,unsafe,slow,200,yes,no,bike walk,0,0,1,0,0,0,1,good,good,neutral,good,neutral,neutral,agree
26_35,private,male,20.976186,105.758171,20.967722,105.76169,caring,moto,1_3,1.009589953,20,other,0,more_5,more_5,more_5,,,,,,,,,,,,private_new,long_stay,rent,jam,jam,jam,jam,500,yes,moto,car lighttrain taxi walk,1,0,0,0,1,1,1,bad,bad,neutral,neutral,neutral,neutral,neutral
more_75,fdi,male,20.998482,105.864649,21.000821,105.860569,shopping,bike,4_7,0.497025084,5,cost,1,1,2,2,,,,,,,,,,,,social_house,long_stay,parent_house,cost,parking,jam,jam,45,donotcare,no,taxi,0,0,0,0,0,1,0,verybad,bad,bad,bad,bad,bad,neutral
more_75,retired,female,21.091744,105.790528,21.090243,105.798352,caring,bike,14_16,0.82869166,7,timesaving,0,1,0,2,,,,11_15,,,good,good,neutral,neutral,good,private_house,permanent,owner,cost,jam,jam,slow,300,yes,no,bike lighttrain walk,0,0,1,0,1,0,1,good,good,neutral,good,neutral,neutral,agree
18_25,student,male,21.029834,105.773496,21.029834,105.773496,education,moto,14_16,0.0,10,cost,4,4,4,3,11_15,16_20,11_15,16_20,11_15,16_20,neutral,good,neutral,good,good,private_house,long_stay,rent,unsafe,jam,unsafe,unsafe,2,yes,car,bus lighttrain,0,0,0,1,1,0,0,good,good,neutral,neutral,good,neutral,neutral
less_18,student,female,21.087798,105.819206,21.07238,105.794428,education,bike,8_10,3.090025325,21,cost convinient,1,2,1,4,1_5,6_10,,more_20,,,good,good,neutral,neutral,good,high_rise,permanent,parent_house,cost,jam,slow,slow,700,no,ebike,car ebike bike taxi walk,1,1,1,0,0,1,1,good,good,good,neutral,good,neutral,disagree
36_55,student,female,20.970895,105.805579,20.967929,105.800305,shopping,tram,4_7,0.639250368,12,timesaving,2,2,2,2,1_5,1_5,1_5,1_5,1_5,1_5,very_bad,very_bad,very_bad,very_bad,very_bad,old_building,permanent,parent_house,cost,cost,cost,cost,2300,donotcare,no,bus,0,0,0,1,0,0,0,bad,bad,bad,bad,bad,bad,neutral
56_75,retired,female,20.95793,105.76775,20.956143,105.765603,caring,ebike,8_10,0.298642966,4,timesaving,1,1,2,2,,,,,,,,,,,,high_rise,long_stay,rent,parking,parking,cost,cost,45,donotcare,ebike,lighttrain,0,0,0,0,1,0,0,bad,bad,neutral,neutral,neutral,neutral,disagree
56_75,private,female,20.968172,105.865281,20.977723,105.867525,shopping,bike,4_7,1.087281286,6,convinient timesaving,1,4,0,2,,6_10,,16_20,,,neutral,neutral,good,good,good,private_house,permanent,owner,jam,jam,unsafe,slow,800,yes,car,car ebike bike walk,1,1,1,0,0,0,1,verygood,good,good,verygood,neutral,neutral,agree
more_75,retired,female,21.015364,105.81754,21.019202,105.819481,shopping,bike,8_10,0.471932705,13,timesaving,0,1,0,2,,1_5,,more_20,,,good,good,neutral,good,good,private_house,permanent,owner,cost,jam,jam,slow,400,yes,no,bike bus walk,0,0,1,1,0,0,1,good,good,good,verygood,neutral,neutral,agree
56_75,fdi,female,21.027582,105.833151,21.026084,105.83371,caring,bus,8_10,0.17638557,665,timesaving,0,1,1,2,,,,,,,,,,,,private_house,short_stay,owner,cost,parking,jam,jam,456,yes,bike,taxi,0,0,0,0,0,1,0,verybad,bad,neutral,bad,bad,verybad,neutral
18_25,fdi,male,21.066043,105.892364,21.063765,105.896304,visit,moto,4_7,0.480942196,22,timesaving,3,4,3,2,,,,,,,,,,,,private_house,permanent,owner,jam,parking,jam,parking,200,no,ebike,car,1,0,0,0,0,0,0,bad,verybad,bad,bad,neutral,neutral,strongagree
26_35,private,female,21.069543,105.897421,21.060572,105.90401,leisure,moto,1_3,1.209346087,5000,other,0,1,2,1,,,,,,,,,,,,old_building,permanent,owner,cost,cost,cost,slow,1500,yes,ebike,ebike bike walk,0,1,1,0,0,0,1,good,good,good,neutral,good,neutral,neutral
less_18,student,female,21.080052,105.817769,21.071709,105.813605,shopping,ebike,4_7,1.023371744,8,cost other,1,2,1,4,1_5,6_10,,more_20,,,good,good,neutral,neutral,good,high_rise,permanent,parent_house,cost,jam,slow,slow,700,no,ebike,car ebike bike taxi walk,1,1,1,0,0,1,1,good,good,good,neutral,good,neutral,disagree
36_55,private,female,21.078943,105.71929,21.103977,105.707016,visit,bike,4_7,3.061084761,21,other,0,3,1,4,,more_20,,,,,good,good,good,good,good,private_house,permanent,parent_house,cost,cost,cost,cost,150,no,no,ebike bus taxi,0,1,0,1,0,1,0,verybad,verybad,verybad,verybad,verybad,verybad,disagree
more_75,retired,female,21.029541,105.822218,21.028325,105.839967,shopping,bike,1_3,1.847114281,12,convinient timesaving,0,4,0,1,,,,1_5,,,neutral,neutral,good,good,good,private_house,permanent,owner,parking,jam,unsafe,slow,800,yes,no,bike walk,0,0,1,0,0,0,1,verygood,good,neutral,good,neutral,neutral,agree
more_75,retired,female,20.983654,105.871843,20.986808,105.864971,visit,walk,1_3,0.794989212,8,cost convinient other,1,4,0,2,,,,11_15,,,neutral,neutral,good,neutral,good,private_house,permanent,owner,cost,jam,jam,slow,300,yes,no,bike walk,0,0,1,0,0,0,1,good,good,neutral,good,neutral,neutral,agree
56_75,fdi,female,20.855436,105.771527,20.853054,105.767576,education,taxi,8_10,0.488575835,456,convinient,0,1,2,1,,,,,,,,,,,,social_house,permanent,parent_house,parking,parking,jam,jam,7654,no,bike,lighttrain,0,0,0,0,1,0,0,neutral,neutral,good,good,verygood,verygood,disagree
56_75,retired,female,20.997048,105.853286,20.994249,105.860079,shopping,bike,8_10,0.77082609,5,convinient timesaving,0,more_5,1,2,,6_10,,1_5,,,good,neutral,neutral,good,neutral,private_house,permanent,owner,parking,jam,slow,slow,600,yes,no,ebike bike walk,0,1,1,0,0,0,1,good,good,neutral,good,neutral,good,agree
18_25,private,female,21.070586,105.898364,21.054255,105.88425,education,ebike,8_10,2.33291919,33,timesaving,3,1,1,3,,,,,,,,,,,,private_house,permanent,owner,unsafe,jam,jam,jam,180,no,moto,car,1,0,0,0,0,0,0,bad,neutral,good,neutral,neutral,neutral,agree
more_75,retired,female,21.058067,105.889358,21.059306,105.889808,education,walk,11_13,0.145469181,6,cost convinient,1,4,0,0,,,,,,,good,good,neutral,neutral,good,private_house,permanent,owner,cost,jam,unsafe,slow,800,yes,no,bike walk,0,0,1,0,0,0,1,good,good,neutral,good,neutral,neutral,agree
56_75,retired,female,20.988772,105.850331,20.98652,105.839985,shopping,bike,4_7,1.102906351,15,convinient timesaving,0,more_5,1,2,,6_10,,1_5,,,good,neutral,neutral,good,neutral,private_house,permanent,owner,parking,jam,slow,slow,800,yes,no,ebike bike walk,0,1,1,0,0,0,1,good,good,neutral,good,neutral,good,agree
36_55,state,female,21.023997,105.826296,21.030791,105.829855,work,car,8_10,0.840933028,18,convinient,more_5,3,3,2,,,,,,,,,,,,high_rise,permanent,owner,jam,jam,slow,slow,200,yes,no,car,1,0,0,0,0,0,0,neutral,neutral,neutral,neutral,neutral,neutral,agree
18_25,student,female,21.002595,105.852837,21.001824,105.859539,education,walk,8_10,0.700983735,8,cost,0,more_5,1,3,,more_20,,11_15,1_5,,good,very_good,good,neutral,good,old_building,permanent,parent_house,cost,jam,jam,slow,650,no,no,car ebike taxi,1,1,0,0,0,1,0,verygood,verygood,good,good,good,bad,disagree
18_25,student,female,21.011063,105.863019,21.01182,105.857716,visit,ebike,1_3,0.556858622,8,convinient other,0,more_5,1,3,,more_20,,11_15,1_5,,good,very_good,good,neutral,good,old_building,permanent,parent_house,cost,jam,jam,slow,650,no,no,car ebike taxi,1,1,0,0,0,1,0,verygood,verygood,good,good,good,bad,disagree
18_25,state,male,21.015008,105.824257,21.018815,105.807692,education,moto,14_16,1.770754776,8,convinient,3,3,3,3,,,11_15,,,,neutral,neutral,neutral,neutral,neutral,private_house,long_stay,parent_house,unsafe,unsafe,jam,jam,7,donotcare,no,ebike,0,1,0,0,0,0,0,good,good,good,good,good,good,strongagree
more_75,retired,female,21.092257,105.779494,21.091474,105.781985,visit,walk,14_16,0.272702385,4,convinient,0,1,0,2,,,,11_15,,,good,good,neutral,neutral,good,private_house,permanent,owner,cost,jam,jam,slow,300,yes,no,bike lighttrain walk,0,0,1,0,1,0,1,good,good,neutral,good,neutral,neutral,agree
26_35,private,female,20.99596,105.854943,21.001166,105.871464,work,moto,4_7,1.810114821,30,cost,4,3,4,4,,,,,,,,,,,,high_rise,permanent,owner,cost,cost,unsafe,slow,300,yes,car,bus,0,0,0,1,0,0,0,neutral,bad,neutral,bad,neutral,bad,disagree
56_75,fdi,female,20.955261,105.770327,20.95708,105.771873,leisure,taxi,14_16,0.258229946,4,convinient,1,1,1,2,,,,,,,,,,,,private_new,permanent,owner,unsafe,parking,jam,jam,4565,no,ebike,bus,0,0,0,1,0,0,0,bad,bad,bad,bad,bad,bad,strongdisagree
18_25,student,female,21.000093,105.86009,20.998402,105.855096,education,ebike,8_10,0.551473307,7,cost convinient,0,more_5,1,3,,more_20,,11_15,1_5,,good,very_good,good,neutral,good,old_building,permanent,parent_house,cost,jam,jam,slow,650,no,no,car ebike taxi,1,1,0,0,0,1,0,verygood,verygood,good,good,good,bad,disagree
56_75,retired,female,20.985556,105.84278,20.985992,105.84749,shopping,walk,8_10,0.49138712,10,cost convinient,0,more_5,1,2,,6_10,,1_5,,,good,neutral,neutral,good,neutral,private_house,permanent,owner,parking,jam,slow,slow,800,yes,no,ebike bike walk,0,1,1,0,0,0,1,good,good,neutral,good,neutral,good,agree
more_75,retired,female,21.036601,105.843444,21.034281,105.850482,caring,bike,4_7,0.774654599,10,cost,0,1,2,2,,,,,,,,,,,,old_building,permanent,owner,cost,cost,unsafe,slow,60,yes,ebike,car ebike lighttrain taxi,1,1,0,0,1,1,0,bad,neutral,neutral,bad,bad,neutral,agree
36_55,fdi,male,21.029409,105.834826,21.028744,105.836286,caring,bus,4_7,0.168611689,465,cost,0,1,1,1,,,,,,,,,,,,private_new,long_stay,owner,cost,parking,jam,jam,45,donotcare,no,taxi,0,0,0,0,0,1,0,verybad,bad,neutral,neutral,neutral,neutral,neutral
less_18,student,female,21.034435,105.793839,21.035068,105.784284,education,ebike,14_16,0.994164121,22,convinient timesaving,1,2,1,3,,,more_20,,,,good,good,good,good,good,high_rise,permanent,parent_house,cost,jam,slow,slow,300,no,moto,car ebike bike lighttrain taxi walk,1,1,1,0,1,1,1,verygood,verygood,good,good,good,bad,neutral
36_55,private,male,21.027464,105.829153,21.027367,105.828638,visit,moto,1_3,0.054529473,7,other,1,3,2,more_5,,,,,,,,,,,,old_building,permanent,owner,parking,unsafe,jam,slow,350,donotcare,no,car ebike lighttrain taxi,1,1,0,0,1,1,0,verygood,verygood,verygood,good,neutral,neutral,strongdisagree
56_75,retired,female,21.093706,105.78189,21.093723,105.782626,caring,walk,14_16,0.076379166,5,convinient timesaving,0,4,0,0,,more_20,,,,,neutral,neutral,neutral,good,neutral,private_house,permanent,owner,cost,jam,unsafe,slow,600,no,car,car ebike taxi,1,1,0,0,0,1,0,good,good,neutral,neutral,neutral,neutral,disagree
56_75,student,male,21.03585,105.913962,21.037452,105.91641,leisure,taxi,4_7,0.310290375,6,timesaving,1,1,1,2,,,,,,,,,,,,high_rise,short_stay,rent,parking,parking,parking,parking,56,no,moto,bus,0,0,0,1,0,0,0,bad,neutral,neutral,bad,bad,bad,neutral
18_25,student,female,21.01628,105.853304,21.023925,105.856159,education,ebike,14_16,0.900256849,20,timesaving,0,more_5,1,3,,more_20,,11_15,1_5,,good,very_good,good,neutral,good,old_building,permanent,parent_house,cost,jam,jam,slow,650,no,no,car ebike taxi,1,1,0,0,0,1,0,verygood,verygood,good,good,good,bad,disagree
56_75,retired,male,21.041183,105.810329,20.98952,105.795733,visit,bus,1_3,5.94109706,70,cost convinient,1,1,0,0,,,,,,1_5,good,good,good,good,good,private_house,permanent,owner,cost,unsafe,unsafe,unsafe,710,donotcare,no,bike,0,0,1,0,0,0,0,neutral,neutral,neutral,neutral,neutral,good,agree
56_75,fdi,female,21.017391,105.844137,21.017568,105.847401,caring,taxi,4_7,0.339365937,4,timesaving,0,1,2,2,,,,,,,,,,,,old_building,long_stay,rent,parking,parking,parking,parking,45,donotcare,bike,bike bus,0,0,1,1,0,0,0,bad,bad,bad,bad,bad,bad,disagree
36_55,retired,male,21.045854,105.77611,21.023627,105.737057,visit,ebike,4_7,4.747246237,16,other,0,3,3,3,,,more_20,,,,,,,,,high_rise,permanent,parent_house,jam,jam,jam,jam,168,no,ebike,ebike bike lighttrain,0,1,1,0,1,0,0,neutral,neutral,neutral,neutral,neutral,bad,disagree
56_75,retired,male,21.044541,105.779763,21.003594,105.9156,caring,car,4_7,14.81586604,45,convinient,3,3,3,1,,,,,,,,,,,,private_new,permanent,owner,parking,parking,slow,slow,250,donotcare,no,car,1,0,0,0,0,0,0,good,neutral,good,neutral,good,neutral,neutral
more_75,retired,female,21.03387,105.850248,21.033672,105.850751,shopping,walk,1_3,0.05665713,8,convinient,1,4,0,2,,,,6_10,,,neutral,good,good,neutral,good,private_house,permanent,owner,jam,jam,jam,slow,600,yes,no,bike lighttrain walk,0,0,1,0,1,0,1,good,good,neutral,good,neutral,neutral,agree
56_75,retired,female,21.035759,105.848128,21.030867,105.846821,shopping,bike,11_13,0.560624723,12,convinient,0,more_5,0,3,,6_10,,11_15,,,neutral,neutral,good,bad,neutral,private_house,permanent,owner,cost,jam,jam,slow,600,yes,no,car ebike bike walk,1,1,1,0,0,0,1,verygood,good,good,verygood,neutral,neutral,disagree
less_18,student,female,21.069855,105.792923,21.072446,105.796351,education,walk,11_13,0.457733805,8,convinient,1,2,1,4,1_5,6_10,,more_20,,,good,good,neutral,neutral,good,high_rise,permanent,parent_house,cost,jam,slow,slow,700,no,ebike,car ebike bike taxi walk,1,1,1,0,0,1,1,good,good,good,neutral,good,neutral,disagree
more_75,retired,female,20.966332,105.796015,20.96929,105.792414,shopping,walk,1_3,0.497981401,7,convinient timesaving,0,0,0,2,,,,1_5,,,neutral,good,neutral,neutral,good,private_house,permanent,owner,jam,jam,unsafe,slow,700,yes,no,bike walk,0,0,1,0,0,0,1,good,good,neutral,good,neutral,neutral,agree
56_75,retired,female,21.022695,105.862166,21.020673,105.856038,shopping,bike,8_10,0.674621625,15,convinient timesaving,0,more_5,0,3,,6_10,,11_15,,,neutral,neutral,good,bad,neutral,private_house,permanent,owner,cost,jam,jam,slow,600,yes,no,car ebike bike walk,1,1,1,0,0,0,1,verygood,good,good,verygood,neutral,neutral,disagree
36_55,retired,female,20.948595,105.823059,21.074719,105.777519,leisure,moto,1_3,14.79961542,23,other,1,3,3,3,,,,,,,,,,,,old_building,permanent,parent_house,cost,jam,jam,jam,500,yes,no,taxi,0,0,0,0,0,1,0,bad,bad,bad,neutral,neutral,neutral,strongagree
less_18,student,female,21.0288,105.845083,21.027347,105.844266,education,ebike,11_13,0.182466893,13,cost convinient timesaving,1,3,1,3,1_5,,more_20,1_5,,,good,good,neutral,neutral,good,private_house,permanent,parent_house,jam,jam,jam,slow,600,no,moto,car ebike bike taxi,1,1,1,0,0,1,0,good,good,good,neutral,good,neutral,disagree
56_75,retired,female,21.036795,105.855896,21.032962,105.850993,visit,bike,8_10,0.663772133,14,convinient,0,more_5,0,3,,6_10,,11_15,,,neutral,neutral,good,bad,neutral,private_house,permanent,owner,cost,jam,jam,slow,600,yes,no,car ebike bike walk,1,1,1,0,0,0,1,verygood,good,good,verygood,neutral,neutral,disagree
56_75,fdi,male,21.034953,105.784786,21.035634,105.786118,education,taxi,8_10,0.157622494,4,timesaving,0,2,2,0,,,,,,,,,,,,private_new,long_stay,rent,parking,parking,jam,jam,543,donotcare,ebike,bus,0,0,0,1,0,0,0,bad,neutral,neutral,neutral,bad,bad,neutral
more_75,retired,female,21.042838,105.877733,21.0517,105.888244,shopping,bike,1_3,1.469990388,7,convinient timesaving,1,3,1,2,,,,6_10,,,good,good,neutral,neutral,good,private_house,permanent,owner,jam,jam,jam,slow,400,yes,no,bike walk,0,0,1,0,0,0,1,good,good,neutral,good,neutral,neutral,agree
less_18,student,female,21.059188,105.899913,21.059548,105.890692,education,ebike,8_10,0.957683774,8,convinient timesaving,1,3,1,2,,1_5,16_20,,,,good,good,good,neutral,good,private_house,permanent,parent_house,jam,jam,slow,slow,400,no,moto,car ebike taxi walk,1,1,0,0,0,1,1,verygood,verygood,good,good,good,neutral,disagree
more_75,retired,female,20.992633,105.888025,20.995204,105.881161,shopping,bike,4_7,0.767786527,10,convinient timesaving,1,4,0,2,,,,11_15,,,neutral,neutral,good,neutral,good,private_house,permanent,owner,cost,jam,jam,slow,300,yes,no,bike walk,0,0,1,0,0,0,1,good,good,neutral,good,neutral,neutral,agree
more_75,retired,female,21.066119,105.780187,21.072438,105.780616,visit,walk,4_7,0.70405044,10,timesaving,0,2,0,0,,,,,,,,,,,,social_house,permanent,morgate,jam,jam,jam,jam,450,yes,moto,bike bus lighttrain,0,0,1,1,1,0,0,verybad,verybad,bad,bad,verybad,verybad,strongagree
more_75,retired,female,21.03359,105.831881,21.029125,105.833783,shopping,bike,4_7,0.534291052,12,convinient timesaving,0,4,0,1,,,,1_5,,,neutral,neutral,good,good,good,private_house,permanent,owner,parking,jam,unsafe,slow,800,yes,no,bike walk,0,0,1,0,0,0,1,verygood,good,neutral,good,neutral,neutral,agree
56_75,retired,male,20.97803,105.796233,20.98964,105.789556,visit,bike,1_3,1.465318739,16,other,0,3,2,2,,,,,,,,,,,,old_building,permanent,owner,jam,jam,jam,jam,500,donotcare,no,walk,0,0,0,0,0,0,1,neutral,neutral,neutral,neutral,neutral,neutral,strongdisagree
26_35,private,female,21.068437,105.896928,21.068882,105.897356,education,moto,8_10,0.066488352,3,cost other,2,4,3,1,,,,,,,,,,,,old_building,permanent,owner,parking,unsafe,unsafe,slow,7510,yes,car,car ebike taxi,1,1,0,0,0,1,0,verygood,verygood,verygood,good,good,neutral,strongdisagree
more_75,retired,female,21.030332,105.833969,21.034118,105.82875,leisure,bike,4_7,0.68602416,12,cost convinient,0,4,0,1,,,,1_5,,,neutral,neutral,good,good,good,private_house,permanent,owner,parking,jam,unsafe,slow,800,yes,no,bike walk,0,0,1,0,0,0,1,verygood,good,neutral,good,neutral,neutral,agree
56_75,retired,male,20.870963,105.861982,20.87461,105.672082,work,car,8_10,19.73435629,40,timesaving,3,2,3,1,,,,,,,,,,,,high_rise,permanent,parent_house,parking,parking,slow,slow,250,donotcare,no,car,1,0,0,0,0,0,0,bad,bad,bad,bad,bad,bad,disagree
56_75,retired,female,21.069803,105.897668,21.070814,105.904394,caring,bike,4_7,0.706890051,21,other,1,4,0,2,,,,,,,,,,,,old_building,permanent,owner,parking,cost,slow,slow,1000,donotcare,car,bike walk,0,0,1,0,0,0,1,good,good,neutral,good,verygood,neutral,neutral
more_75,retired,female,21.037854,105.851962,21.03617,105.850037,leisure,walk,1_3,0.273819458,10,cost convinient,1,4,0,2,,,,6_10,,,neutral,good,good,neutral,good,private_house,permanent,owner,jam,jam,jam,slow,600,yes,no,bike lighttrain walk,0,0,1,0,1,0,1,good,good,neutral,good,neutral,neutral,agree
56_75,retired,male,21.039911,105.840311,21.040351,105.839539,work,ebike,4_7,0.093876834,16,cost,0,1,3,3,,,,,,,neutral,good,good,neutral,good,private_house,permanent,parent_house,cost,unsafe,slow,slow,150,yes,moto,ebike bike lighttrain,0,1,1,0,1,0,0,neutral,neutral,neutral,neutral,neutral,neutral,neutral
more_75,retired,female,21.027003,105.816713,20.977198,105.788083,visit,bus,1_3,6.285155552,120,convinient,0,2,0,0,,,,,,,good,good,good,good,good,private_house,permanent,parent_house,jam,unsafe,unsafe,slow,300,donotcare,no,bus,0,0,0,1,0,0,0,neutral,neutral,neutral,good,good,good,strongagree
56_75,retired,male,20.998605,105.737915,21.005706,105.731049,education,walk,4_7,1.063705627,20,other,2,3,3,3,,,,,,,,,,,,private_new,permanent,parent_house,jam,jam,slow,slow,800,donotcare,no,walk,0,0,0,0,0,0,1,neutral,neutral,neutral,neutral,neutral,neutral,agree
more_75,retired,female,20.953226,105.774992,20.959009,105.783662,shopping,bike,1_3,1.106358951,12,convinient timesaving,0,0,0,2,,,,1_5,,,neutral,good,neutral,neutral,good,private_house,permanent,owner,jam,jam,unsafe,slow,700,yes,no,bike walk,0,0,1,0,0,0,1,good,good,neutral,good,neutral,neutral,agree
more_75,retired,female,21.027141,105.844589,21.028679,105.844844,visit,bike,4_7,0.173053904,8,convinient timesaving other,1,4,0,2,,,,6_10,,,neutral,good,good,neutral,good,private_house,permanent,owner,jam,jam,jam,slow,600,yes,no,bike lighttrain walk,0,0,1,0,1,0,1,good,good,neutral,good,neutral,neutral,agree
56_75,fdi,male,20.958145,105.763155,20.957537,105.76745,leisure,ebike,11_13,0.451083005,4,timesaving,1,1,2,2,,,,,,,,,,,,old_building,short_stay,parent_house,jam,jam,jam,jam,45,no,ebike,lighttrain,0,0,0,0,1,0,0,neutral,neutral,good,good,good,good,agree
56_75,retired,female,21.018022,105.789361,21.017381,105.795889,shopping,bike,4_7,0.681326952,12,cost convinient timesaving other,0,4,1,2,,,,more_20,,,neutral,good,good,neutral,good,private_house,permanent,owner,cost,jam,unsafe,slow,600,yes,no,car ebike bike walk,1,1,1,0,0,0,1,good,good,good,good,neutral,neutral,agree
more_75,retired,male,21.036171,105.811381,21.037163,105.836438,leisure,bus,1_3,2.602855217,40,cost,0,2,0,1,,,,,,1_5,good,good,very_good,neutral,good,private_house,permanent,owner,jam,unsafe,unsafe,slow,600,yes,no,car bus walk,1,0,0,1,0,0,1,neutral,neutral,neutral,good,good,good,strongagree
36_55,fdi,male,21.035733,105.808662,21.034212,105.790728,work,car,8_10,1.868952468,35,timesaving,3,4,3,2,,,,,,,,,,,,private_house,permanent,owner,jam,jam,slow,slow,100,yes,no,car lighttrain,1,0,0,0,1,0,0,neutral,neutral,neutral,neutral,neutral,neutral,neutral
26_35,state,female,20.99734,105.816857,21.012845,105.835559,work,bike,1_3,2.596422452,20,convinient,3,3,3,3,,,,,,,,,,,,private_house,permanent,parent_house,cost,cost,cost,cost,500,yes,ebike,bike,0,0,1,0,0,0,0,verybad,verybad,verybad,verybad,verybad,verybad,agree
56_75,fdi,male,21.028127,105.830191,21.031708,105.827443,leisure,bike,4_7,0.48979648,245,timesaving,0,1,2,0,,,,,,,,,,,,high_rise,short_stay,parent_house,parking,parking,cost,cost,3456,donotcare,bike,lighttrain,0,0,0,0,1,0,0,bad,neutral,neutral,bad,verybad,bad,agree
less_18,student,female,21.029527,105.837706,21.015542,105.836769,education,ebike,8_10,1.55810172,12,convinient timesaving other,1,3,1,3,1_5,,more_20,1_5,,,good,good,neutral,neutral,good,private_house,permanent,parent_house,jam,jam,jam,slow,300,no,moto,car ebike bike taxi,1,1,1,0,0,1,0,good,good,good,neutral,good,neutral,disagree
less_18,student,female,20.93264,105.74359,20.932079,105.74243,caring,taxi,8_10,0.135665788,45,convinient,0,1,1,1,,,,,,,,,,,,social_house,long_stay,morgate,parking,parking,parking,parking,345,donotcare,ebike,ebike,0,1,0,0,0,0,0,bad,neutral,neutral,neutral,neutral,good,neutral
less_18,student,female,21.073361,105.798756,21.072461,105.795554,education,walk,14_16,0.34698072,5,cost convinient,1,2,1,4,1_5,6_10,,more_20,,,good,good,neutral,neutral,good,high_rise,permanent,parent_house,cost,jam,slow,slow,700,no,ebike,car ebike bike taxi walk,1,1,1,0,0,1,1,good,good,good,neutral,good,neutral,disagree
more_75,retired,male,21.076531,105.819616,21.077965,105.814525,visit,bike,1_3,0.551763019,12,convinient,1,4,0,3,,,,more_20,,,good,good,neutral,good,neutral,old_building,permanent,owner,jam,jam,jam,slow,600,yes,no,bike walk,0,0,1,0,0,0,1,good,good,good,verygood,neutral,good,agree
56_75,retired,male,20.900671,105.56488,20.904392,105.577326,work,taxi,1_3,1.357450102,23,other,1,3,2,2,,,,,,,,,,,,high_rise,permanent,owner,jam,jam,slow,slow,400,yes,moto,bike bus lighttrain taxi,0,0,1,1,1,1,0,bad,bad,neutral,bad,bad,bad,neutral
56_75,retired,female,21.013512,105.828439,21.034876,105.796482,shopping,car,8_10,4.079852642,40,convinient,2,4,2,3,,,,,,,,,,,,private_new,permanent,owner,jam,jam,slow,slow,120,yes,no,car,1,0,0,0,0,0,0,neutral,bad,neutral,bad,neutral,bad,neutral
56_75,retired,female,21.027749,105.843646,21.025837,105.845205,shopping,walk,11_13,0.267176707,5,convinient timesaving,0,4,0,2,,6_10,,,,,neutral,good,good,good,good,private_house,permanent,owner,jam,jam,jam,slow,700,yes,no,ebike bike walk,0,1,1,0,0,0,1,good,good,neutral,good,good,neutral,agree
more_75,retired,female,21.04338,105.865011,21.047296,105.874653,leisure,bike,1_3,1.091266903,7,cost convinient,0,0,0,2,,,,11_15,,,good,good,good,good,good,private_house,permanent,owner,parking,jam,slow,slow,600,yes,no,bike walk,0,0,1,0,0,0,1,verygood,good,neutral,verygood,neutral,neutral,agree
more_75,retired,female,20.983013,105.882277,20.984138,105.888334,shopping,walk,4_7,0.641165398,8,cost convinient,1,4,0,2,,,,11_15,,,neutral,neutral,good,neutral,good,private_house,permanent,owner,cost,jam,jam,slow,300,yes,no,bike walk,0,0,1,0,0,0,1,good,good,neutral,good,neutral,neutral,agree
18_25,student,male,21.024847,105.79525,21.024847,105.79525,education,moto,14_16,0.0,15,cost,more_5,more_5,more_5,0,,more_20,,,,,very_good,very_good,very_good,very_good,very_good,private_house,long_stay,rent,slow,slow,jam,jam,300,yes,moto,car,1,0,0,0,0,0,0,verygood,verygood,neutral,verybad,good,verybad,agree
less_18,student,female,21.070261,105.798672,21.0728,105.796387,education,bike,11_13,0.368672199,10,timesaving,1,2,1,4,1_5,6_10,,more_20,,,good,good,neutral,neutral,good,high_rise,permanent,parent_house,cost,jam,slow,slow,700,no,ebike,car ebike bike taxi walk,1,1,1,0,0,1,1,good,good,good,neutral,good,neutral,disagree
26_35,private,female,21.029248,105.817483,21.029244,105.817469,work,ebike,8_10,0.001519599,15,timesaving,0,1,3,3,1_5,11_15,,,,,good,good,good,good,good,high_rise,permanent,parent_house,jam,cost,unsafe,slow,210,no,moto,ebike,0,1,0,0,0,0,0,good,good,good,good,good,good,strongdisagree
56_75,retired,female,21.013352,105.855683,21.000966,105.864177,visit,car,4_7,1.635321219,30,convinient,3,4,2,3,,,,,,,,,,,,private_house,permanent,owner,jam,jam,slow,slow,305,yes,no,car,1,0,0,0,0,0,0,good,neutral,good,neutral,good,neutral,neutral
56_75,retired,male,20.995003,105.87121,20.994042,105.880823,leisure,moto,4_7,1.003662758,22,other,0,1,3,3,1_5,more_20,1_5,1_5,1_5,1_5,neutral,good,neutral,neutral,neutral,social_house,permanent,owner,cost,unsafe,slow,slow,300,no,no,lighttrain,0,0,0,0,1,0,0,verybad,neutral,neutral,bad,bad,neutral,strongdisagree
less_18,student,female,20.98737,105.878635,20.998408,105.855501,education,ebike,11_13,2.697098342,17,convinient timesaving other,1,3,1,0,,,more_20,,,,,neutral,good,good,neutral,private_house,permanent,parent_house,jam,jam,slow,slow,400,donotcare,moto,car ebike,1,1,0,0,0,0,0,verygood,good,good,neutral,good,neutral,disagree
26_35,fdi,female,21.010684,105.860553,21.016211,105.858459,work,moto,4_7,0.651879726,15,convinient,4,4,more_5,3,,,,,,,,,,,,high_rise,permanent,parent_house,cost,cost,slow,slow,250,yes,car,bike bus lighttrain taxi,0,0,1,1,1,1,0,neutral,bad,neutral,bad,neutral,bad,neutral
36_55,private,male,21.030271,105.81439,21.032394,105.828796,shopping,bike,8_10,1.513687756,12,cost,2,3,3,3,,,,,,,,,,,,old_building,short_stay,owner,jam,jam,jam,jam,2300,donotcare,ebike,lighttrain,0,0,0,0,1,0,0,bad,bad,bad,bad,bad,bad,disagree
56_75,retired,female,21.02991,105.765375,21.027667,105.775022,leisure,bus,8_10,1.031853922,32,convinient,2,2,2,2,,,,,,,,,,,,social_house,long_stay,owner,parking,parking,parking,parking,3000,no,no,ebike taxi,0,1,0,0,0,1,0,neutral,neutral,neutral,neutral,neutral,neutral,neutral
18_25,student,female,21.013344,105.852213,21.015072,105.85489,education,walk,14_16,0.337834969,10,convinient,0,more_5,1,3,,more_20,,11_15,1_5,,good,very_good,good,neutral,good,old_building,permanent,parent_house,cost,jam,jam,slow,650,no,no,car ebike taxi,1,1,0,0,0,1,0,verygood,verygood,good,good,good,bad,disagree
56_75,retired,female,21.062654,105.76578,21.064022,105.769151,visit,walk,1_3,0.381437191,7,timesaving,0,4,0,0,,more_20,,,,,neutral,neutral,neutral,good,neutral,private_house,permanent,owner,cost,jam,unsafe,slow,600,no,car,car ebike taxi,1,1,0,0,0,1,0,good,good,neutral,neutral,neutral,neutral,disagree
56_75,retired,female,21.011482,105.783565,21.010596,105.792829,education,bike,11_13,0.96665421,13,timesaving,0,4,1,2,,,,more_20,,,neutral,good,good,neutral,good,private_house,permanent,owner,cost,jam,unsafe,slow,600,yes,no,car ebike bike walk,1,1,1,0,0,0,1,good,good,good,good,neutral,neutral,agree
18_25,student,female,21.036562,105.774951,21.036562,105.775294,work,moto,14_16,0.035597953,60,convinient,4,3,3,3,1_5,16_20,,,11_15,11_15,good,good,good,good,neutral,private_house,permanent,parent_house,unsafe,unsafe,unsafe,unsafe,300,yes,moto,bus lighttrain walk,0,0,0,1,1,0,1,good,good,neutral,neutral,neutral,neutral,neutral
56_75,fdi,male,20.956656,105.766419,20.957545,105.768352,shopping,bike,11_13,0.223743006,34,timesaving,2,2,2,0,,,,,,,,,,,,high_rise,permanent,rent,jam,jam,parking,parking,345,donotcare,moto,bus,0,0,0,1,0,0,0,bad,bad,neutral,neutral,neutral,neutral,neutral
18_25,private,female,20.98551,105.876972,20.86044,105.878637,work,ebike,8_10,13.90824644,60,cost,1,more_5,2,3,,1_5,,,,,neutral,neutral,neutral,neutral,neutral,private_house,long_stay,rent,cost,parking,parking,slow,30,yes,moto,bus,0,0,0,1,0,0,0,neutral,neutral,neutral,neutral,neutral,neutral,disagree
36_55,state,female,21.022008,105.826683,21.034543,105.828853,work,car,8_10,1.411909913,30,convinient,more_5,3,3,2,,,,,,,,,,,,high_rise,permanent,owner,jam,jam,slow,slow,200,yes,no,car,1,0,0,0,0,0,0,neutral,neutral,neutral,neutral,neutral,neutral,agree
36_55,private,male,21.025688,105.832493,21.030983,105.828968,work,car,8_10,0.693190143,25,convinient,more_5,2,4,2,,,,,,,,,,,,high_rise,permanent,owner,parking,jam,slow,slow,350,no,no,car,1,0,0,0,0,0,0,neutral,neutral,neutral,neutral,neutral,neutral,agree
more_75,retired,female,21.028121,105.842541,21.029927,105.846029,shopping,walk,4_7,0.413986177,7,cost convinient,1,4,0,2,,,,6_10,,,neutral,good,good,neutral,good,private_house,permanent,owner,jam,jam,jam,slow,600,yes,no,bike lighttrain walk,0,0,1,0,1,0,1,good,good,neutral,good,neutral,neutral,agree
less_18,student,female,21.05456,105.895658,21.053023,105.891996,education,ebike,11_13,0.416676614,5,convinient timesaving,1,3,1,2,,1_5,16_20,,,,good,good,good,neutral,good,private_house,permanent,parent_house,jam,jam,slow,slow,400,no,moto,car ebike taxi walk,1,1,0,0,0,1,1,verygood,verygood,good,good,good,neutral,disagree
56_75,state,female,20.807785,105.673722,20.808564,105.676384,leisure,ebike,4_7,0.289936435,4,convinient,0,1,2,1,,,,,,,,,,,,high_rise,long_stay,owner,cost,parking,parking,parking,345,donotcare,bike,bike,0,0,1,0,0,0,0,bad,bad,bad,bad,good,neutral,neutral
56_75,fdi,female,21.093854,105.734358,21.094631,105.734788,shopping,bus,4_7,0.097235577,34,convinient,2,2,2,2,,,,,,11_15,,,,,,high_rise,short_stay,rent,jam,jam,jam,jam,345,no,ebike,bike,0,0,1,0,0,0,0,neutral,neutral,neutral,neutral,neutral,neutral,neutral
more_75,retired,female,21.043607,105.875621,21.041046,105.884505,caring,bike,1_3,0.964959041,10,convinient timesaving,0,0,0,2,,,,11_15,,,good,good,good,good,good,private_house,permanent,owner,parking,jam,slow,slow,600,yes,no,bike walk,0,0,1,0,0,0,1,verygood,good,neutral,verygood,neutral,neutral,agree
18_25,student,female,21.00545,105.85947,21.012949,105.857015,education,ebike,14_16,0.871923764,20,convinient timesaving,0,more_5,1,3,,more_20,,11_15,1_5,,good,very_good,good,neutral,good,old_building,permanent,parent_house,cost,jam,jam,slow,650,no,no,car ebike taxi,1,1,0,0,0,1,0,verygood,verygood,good,good,good,bad,disagree
36_55,private,male,21.014489,105.81748,20.813211,105.769157,caring,bus,1_3,22.9370443,61,other,0,2,0,2,,,,,,,,,,,,private_house,long_stay,rent,unsafe,unsafe,slow,slow,365,yes,moto,ebike bike bus lighttrain taxi,0,1,1,1,1,1,0,bad,bad,bad,bad,bad,bad,disagree
18_25,private,female,21.013642,105.840794,21.013145,105.837658,work,moto,4_7,0.330175419,35,cost,4,4,3,2,,,,,,,,,,,,private_house,long_stay,rent,cost,cost,cost,cost,150,no,car,bus,0,0,0,1,0,0,0,good,neutral,good,neutral,good,neutral,disagree
more_75,retired,female,21.055329,105.787727,21.045652,105.791125,shopping,bike,4_7,1.132340948,12,convinient timesaving,0,3,1,2,,,,1_5,,,good,neutral,neutral,good,good,private_house,permanent,owner,jam,jam,jam,slow,400,yes,no,bike walk,0,0,1,0,0,0,1,good,good,neutral,good,neutral,neutral,agree
less_18,student,female,21.027736,105.839628,21.027349,105.839124,education,ebike,4_7,0.067736035,12,convinient timesaving,0,3,1,2,,,more_20,,,,neutral,neutral,good,good,good,private_house,permanent,parent_house,cost,jam,slow,slow,500,no,moto,car ebike,1,1,0,0,0,0,0,good,good,neutral,good,neutral,neutral,disagree
56_75,private,female,20.99374,105.870691,20.989758,105.858924,caring,bike,1_3,1.299364003,17,convinient timesaving,1,4,0,2,,6_10,,16_20,,,neutral,neutral,good,good,good,private_house,permanent,owner,jam,jam,unsafe,slow,800,yes,car,car ebike bike walk,1,1,1,0,0,0,1,verygood,good,good,verygood,neutral,neutral,agree
more_75,retired,female,21.01803,105.837315,21.012559,105.83412,shopping,bike,1_3,0.692871747,12,cost convinient other,0,1,0,2,,1_5,,more_20,,,good,good,neutral,good,good,private_house,permanent,owner,cost,jam,jam,slow,500,yes,no,bike bus walk,0,0,1,1,0,0,1,good,good,good,verygood,neutral,neutral,agree
36_55,state,male,20.97847,105.755596,20.965438,105.780101,visit,moto,4_7,2.928053317,20,other,1,more_5,more_5,more_5,1_5,16_20,,,,,,,,,,private_new,permanent,morgate,cost,unsafe,slow,slow,300,yes,car,car,1,0,0,0,0,0,0,bad,bad,bad,bad,bad,bad,strongagree
less_18,student,female,21.027029,105.855613,21.028858,105.848118,visit,ebike,1_3,0.804052853,12,convinient,1,3,1,3,1_5,,more_20,1_5,,,good,good,neutral,neutral,good,private_house,permanent,parent_house,jam,jam,jam,slow,100,no,moto,car ebike bike taxi,1,1,1,0,0,1,0,good,good,good,neutral,good,neutral,disagree
26_35,private,male,21.083791,105.918044,31.081795,105.918284,work,moto,14_16,1111.729067,30,cost,3,4,3,2,6_10,16_20,16_20,more_20,11_15,11_15,,good,very_good,neutral,neutral,private_house,permanent,owner,jam,jam,jam,cost,2000,no,car,car,1,0,0,0,0,0,0,verygood,verygood,verygood,bad,good,verygood,neutral
18_25,student,male,21.044128,105.773747,21.042755,105.796061,work,moto,4_7,2.320759062,35,other,0,2,more_5,more_5,,,,,,,,,,,,private_house,permanent,parent_house,cost,parking,slow,slow,300,no,moto,taxi,0,0,0,0,0,1,0,neutral,neutral,neutral,neutral,neutral,neutral,agree
26_35,fdi,female,20.853455,105.769466,20.854313,105.76573,education,taxi,8_10,0.399762347,543,cost,1,1,1,2,,,,,,,,,,,,old_building,permanent,parent_house,jam,jam,jam,jam,3456,donotcare,bike,ebike,0,1,0,0,0,0,0,verybad,bad,neutral,neutral,neutral,neutral,neutral
less_18,student,female,21.07701,105.823978,21.073221,105.79653,education,ebike,14_16,2.878924595,13,convinient,1,2,1,4,1_5,6_10,,more_20,,,good,good,neutral,neutral,good,high_rise,permanent,parent_house,cost,jam,slow,slow,700,no,ebike,car ebike bike taxi walk,1,1,1,0,0,1,1,good,good,good,neutral,good,neutral,disagree
36_55,state,female,21.038003,105.826364,21.074279,105.736542,caring,moto,4_7,10.15625348,67,other,1,1,1,3,,more_20,,,,,,,,,,private_new,permanent,parent_house,parking,unsafe,unsafe,unsafe,325,yes,car,lighttrain,0,0,0,0,1,0,0,bad,bad,neutral,neutral,bad,bad,agree
less_18,student,male,20.991489,105.797326,20.992608,105.797026,education,walk,4_7,0.128265893,2,cost convinient,0,0,0,1,,,,,,,neutral,neutral,neutral,neutral,neutral,social_house,long_stay,rent,cost,jam,cost,slow,800,no,moto,car bus,1,0,0,1,0,0,0,neutral,good,good,good,neutral,neutral,disagree
56_75,retired,female,20.988477,105.856667,20.982182,105.856178,shopping,moto,1_3,0.701811801,13,convinient,0,more_5,1,2,,6_10,,1_5,,,good,neutral,neutral,good,neutral,private_house,permanent,owner,parking,jam,slow,slow,800,yes,no,ebike bike walk,0,1,1,0,0,0,1,good,good,neutral,good,neutral,good,agree
more_75,retired,female,21.033499,105.824974,21.026234,105.830888,shopping,bike,4_7,1.014569896,12,convinient timesaving,0,4,0,1,,,,1_5,,,neutral,neutral,good,good,good,private_house,permanent,owner,parking,jam,unsafe,slow,800,yes,no,bike walk,0,0,1,0,0,0,1,verygood,good,neutral,good,neutral,neutral,agree
more_75,retired,female,21.048618,105.774215,21.051,105.772956,leisure,walk,4_7,0.295337914,5,convinient,0,3,1,2,,,,1_5,,,good,neutral,neutral,good,good,private_house,permanent,owner,jam,jam,jam,slow,400,yes,no,bike walk,0,0,1,0,0,0,1,good,good,neutral,good,neutral,neutral,agree
56_75,private,male,21.005193,105.947685,20.926372,105.722551,caring,car,1_3,24.96544193,70,other,0,1,2,2,,,,,,,,,,,,private_house,permanent,parent_house,jam,jam,jam,jam,300,yes,car,bike bus,0,0,1,1,0,0,0,neutral,neutral,neutral,neutral,neutral,neutral,agree
18_25,private,female,21.033683,105.816209,21.033908,105.816139,work,walk,4_7,0.026052367,1,convinient,0,4,1,1,,6_10,,,,,,,,,,high_rise,long_stay,parent_house,cost,jam,unsafe,slow,350,no,car,ebike bike bus,0,1,1,1,0,0,0,neutral,neutral,verygood,verygood,neutral,neutral,neutral
more_75,retired,female,21.017105,105.833613,21.017224,105.837639,shopping,bike,8_10,0.418098691,10,timesaving other,0,1,0,2,,1_5,,more_20,,,good,good,neutral,good,good,private_house,permanent,owner,cost,jam,jam,slow,300,yes,no,bike bus walk,0,0,1,1,0,0,1,good,good,good,verygood,neutral,neutral,agree
more_75,retired,female,21.072301,105.787713,21.073123,105.787825,leisure,walk,1_3,0.092138165,5,convinient,0,1,0,2,,,,11_15,,,good,good,neutral,neutral,good,private_house,permanent,owner,cost,jam,jam,slow,300,yes,no,bike lighttrain walk,0,0,1,0,1,0,1,good,good,neutral,good,neutral,neutral,agree
56_75,fdi,female,21.177178,105.732087,21.175521,105.733161,leisure,bike,8_10,0.21528828,345,cost,1,1,1,1,,,,,,,,,,,,social_house,long_stay,rent,parking,parking,parking,parking,7654,donotcare,moto,ebike,0,1,0,0,0,0,0,bad,bad,bad,neutral,neutral,neutral,disagree
56_75,retired,female,21.00356,105.810266,20.99874,105.811175,visit,bike,1_3,0.544203782,7,convinient other,0,4,1,2,,,,more_20,,,neutral,good,good,neutral,good,private_house,permanent,owner,cost,jam,unsafe,slow,600,yes,no,car ebike bike walk,1,1,1,0,0,0,1,good,good,good,good,neutral,neutral,agree
less_18,student,female,21.02815,105.848195,21.030913,105.846904,shopping,walk,1_3,0.335179498,10,cost,1,3,1,3,1_5,,more_20,1_5,,,good,good,neutral,neutral,good,private_house,permanent,parent_house,jam,jam,jam,slow,200,no,moto,car ebike bike taxi,1,1,1,0,0,1,0,good,good,good,neutral,good,neutral,disagree
36_55,private,female,21.027915,105.832704,21.027339,105.828123,visit,car,8_10,0.479758059,12,convinient other,1,2,3,4,,,,,,,,,,,,private_new,permanent,owner,parking,unsafe,unsafe,slow,500,donotcare,no,car ebike lighttrain taxi,1,1,0,0,1,1,0,verygood,verygood,verygood,good,neutral,neutral,strongdisagree
more_75,retired,female,20.985716,105.853243,20.984939,105.850375,leisure,walk,1_3,0.310036802,10,convinient,1,4,0,2,,,,11_15,,,neutral,neutral,good,neutral,good,private_house,permanent,owner,cost,jam,jam,slow,300,yes,no,bike walk,0,0,1,0,0,0,1,good,good,neutral,good,neutral,neutral,agree
56_75,fdi,female,20.955344,105.765693,20.957348,105.766509,leisure,bike,8_10,0.238401283,45,convinient,1,1,2,2,,,,,,,,,,,,private_new,long_stay,parent_house,parking,parking,parking,parking,6543,yes,ebike,bike,0,0,1,0,0,0,0,neutral,neutral,good,good,bad,neutral,neutral
56_75,retired,male,20.989337,105.808002,20.995413,105.812852,leisure,car,8_10,0.842602349,35,timesaving,2,2,3,0,,,,,,,,,,,,private_new,permanent,owner,parking,parking,slow,slow,200,no,no,car,1,0,0,0,0,0,0,neutral,bad,neutral,bad,neutral,bad,agree
56_75,retired,male,20.986885,105.795636,20.982582,105.803576,caring,moto,4_7,0.953131486,10,other,0,3,3,3,,,,,,,,,,,,high_rise,permanent,parent_house,jam,unsafe,slow,slow,150,yes,moto,bus,0,0,0,1,0,0,0,neutral,neutral,neutral,neutral,neutral,neutral,agree
more_75,fdi,male,20.957585,105.765517,20.955101,105.766419,shopping,bike,4_7,0.291657464,567,convinient,0,1,2,1,,,,,,,,,,,,old_building,permanent,parent_house,cost,parking,jam,jam,34,no,ebike,bus,0,0,0,1,0,0,0,verybad,bad,bad,neutral,neutral,neutral,strongdisagree
less_18,student,female,21.036478,105.799297,21.03371,105.783016,education,ebike,11_13,1.717529368,25,cost convinient,1,2,1,3,,,more_20,,,,good,good,good,good,good,high_rise,permanent,parent_house,cost,jam,slow,slow,300,no,moto,car ebike bike lighttrain taxi walk,1,1,1,0,1,1,1,verygood,verygood,good,good,good,bad,neutral
more_75,retired,female,21.068562,105.893563,21.04807,105.873165,leisure,bike,1_3,3.110047326,15,cost convinient timesaving,0,0,0,2,,,,11_15,,,good,good,good,good,good,private_house,permanent,owner,parking,jam,slow,slow,600,yes,no,bike walk,0,0,1,0,0,0,1,verygood,good,neutral,verygood,neutral,neutral,agree
less_18,student,female,21.042173,105.784137,21.031214,105.789521,education,bike,11_13,1.340590188,15,convinient timesaving,1,2,1,3,,,more_20,,,,good,good,good,good,good,high_rise,permanent,parent_house,cost,jam,slow,slow,300,no,moto,car ebike bike lighttrain taxi walk,1,1,1,0,1,1,1,verygood,verygood,good,good,good,bad,neutral
56_75,retired,female,21.005734,105.81396,21.005737,105.812907,shopping,walk,8_10,0.109307785,5,cost convinient,0,4,1,2,,,,more_20,,,neutral,good,good,neutral,good,private_house,permanent,owner,cost,jam,unsafe,slow,600,yes,no,car ebike bike walk,1,1,1,0,0,0,1,good,good,good,good,neutral,neutral,agree
more_75,retired,female,20.96925,105.786941,20.972379,105.788145,visit,bike,4_7,0.36970624,5,convinient,0,0,0,2,,,,1_5,,,neutral,good,neutral,neutral,good,private_house,permanent,owner,jam,jam,unsafe,slow,700,yes,no,bike walk,0,0,1,0,0,0,1,good,good,neutral,good,neutral,neutral,agree
less_18,student,female,21.044471,105.871518,21.052038,105.88831,education,ebike,8_10,1.935110465,15,timesaving other,0,3,1,0,,1_5,more_20,,,,good,good,good,good,neutral,private_house,permanent,parent_house,cost,jam,slow,slow,400,no,moto,car ebike walk,1,1,0,0,0,0,1,verygood,verygood,neutral,neutral,good,neutral,disagree
18_25,student,female,21.034289,105.795679,21.034364,105.795867,education,ebike,11_13,0.021219241,15,cost,0,0,1,more_5,,,more_20,,,,good,good,good,good,good,resettlement,long_stay,rent,cost,cost,slow,slow,500,yes,moto,ebike,0,1,0,0,0,0,0,verygood,verygood,verygood,verygood,verygood,verygood,agree
56_75,retired,male,21.025531,105.816407,21.024609,105.817437,visit,bike,4_7,0.14812024,19,other,0,1,2,3,,6_10,6_10,6_10,,,good,neutral,good,good,good,private_house,permanent,parent_house,cost,jam,unsafe,slow,120,yes,ebike,walk,0,0,0,0,0,0,1,verybad,bad,neutral,neutral,bad,verybad,neutral
56_75,retired,male,21.070669,105.899405,21.065536,105.889664,caring,walk,4_7,1.160767596,10,other,0,2,2,3,,more_20,,,,,good,good,good,good,good,private_house,permanent,owner,cost,cost,cost,cost,150,yes,no,ebike lighttrain walk,0,1,0,0,1,0,1,neutral,neutral,neutral,neutral,neutral,neutral,neutral
less_18,student,male,21.044437,105.761218,21.043059,105.770531,leisure,walk,4_7,0.978565698,14,other,0,2,2,2,,11_15,,,,,neutral,good,neutral,good,good,private_house,permanent,parent_house,jam,jam,jam,jam,123,yes,no,bus lighttrain,0,0,0,1,1,0,0,neutral,neutral,neutral,neutral,neutral,neutral,disagree
less_18,student,female,21.054247,105.91857,21.040395,105.930611,visit,bike,1_3,1.983401531,7,convinient timesaving,0,4,0,1,,1_5,,6_10,,,neutral,good,good,good,good,private_house,permanent,parent_house,cost,jam,slow,slow,600,no,ebike,car ebike bike taxi,1,1,1,0,0,1,0,good,good,good,neutral,neutral,neutral,strongdisagree
56_75,private,female,21.059923,105.786485,21.067058,105.774834,shopping,walk,1_3,1.446048338,7,cost convinient,0,4,2,0,,1_5,,,,,good,good,good,neutral,good,private_house,permanent,owner,cost,jam,jam,slow,600,yes,no,ebike bike walk,0,1,1,0,0,0,1,good,good,good,good,neutral,neutral,agree
more_75,retired,female,21.020171,105.84604,21.017621,105.851815,shopping,bike,8_10,0.663105367,13,timesaving,0,1,0,2,,1_5,,more_20,,,good,good,neutral,good,good,private_house,permanent,owner,cost,jam,jam,slow,400,yes,no,bike bus walk,0,0,1,1,0,0,1,good,good,good,verygood,neutral,neutral,agree
56_75,fdi,female,21.175145,105.731572,21.174985,105.72702,leisure,bike,8_10,0.472319919,345,timesaving,1,2,2,0,,,,,,,,,,,,high_rise,short_stay,rent,parking,parking,parking,parking,43,no,ebike,bike,0,0,1,0,0,0,0,bad,bad,neutral,neutral,neutral,neutral,agree
more_75,retired,female,21.028528,105.844637,21.031434,105.84665,shopping,walk,1_3,0.384792493,7,convinient,1,4,0,2,,,,6_10,,,neutral,good,good,neutral,good,private_house,permanent,owner,jam,jam,jam,slow,600,yes,no,bike lighttrain walk,0,0,1,0,1,0,1,good,good,neutral,good,neutral,neutral,agree
