CENTRE VILLE,Q1_1,Q1_1_A,Q1_1_B,Q1_1_C,Q1_2,Q1_2_A,Q1_2_B,Q1_3_C,Q2_1,Q2_2_1,Q2_2_2,Q2_3_1,Q2_3_2,Q2_3,Q2_4,Q2_5_1,Q2_5_2,Q2_6_1,Q2_6_2,Q3_1,Q3_2,Q3_3_1,Q3_3_2,Q4_1_A,Q4_1_B,Q4_2_A,Q4_2_B,Q4_3,Q4_4,Q4_4_AUTRES,Q5_1,Q5_2,Q5_3
Yaounde,Un quartier de la ville de Yaounde,MOKOLO,ECOLE PUBLIQUE DE ME SAA,,Un quartier de la ville de Yaounde,CARREFOUR LUMIERE,PETIT MARCHE CARREFOUR LUMIERE,,Par moto / moto taxi,MOKOLO,ECOLE PUBLIQUE MESSA,CARREFOUR BANKOLO,CARREFOUR,Non,,,,,,Non,,,,15,10 € 20 minutes,45,30 € 60 min,600,Courses,,Entre 45 et 54 ans,Moins de 30 000,Homme
Yaounde,Un quartier de la ville de Yaounde,MBAM ET KIM,SAA,,Un quartier de la ville de Yaounde,ODZA,HAPPY,,Par moto / moto taxi,CHEFFERIE,CHEFFERIE SAA,CENTRE,SAA CENTRE,Non,,,,,,Non,,,,10,10 € 20 minutes,90,Plus de  1heure,1400,"Visite famille, amis",,Entre 26 et 35 ans,Plus de 500 001,Homme
Yaounde,Un quartier de la ville de Yaounde,BATA NLONGKAK,NLONGKAK,,Un quartier de la ville de Yaounde,NGOUSSO,"IMEUBLE MTN, TRANSFORMATEUR",,Par taxi,BATA NLONGKAK,BATA NLONGKAK,OMNISIPORT,MOBIL OMNISIPORT,Non,,,,,,Oui,Par taxi,TRANSFORMATEUR,IMEUBLE MTN,5,5 € 10 minutes,1,Moins de 15 min,250,Autres,Etudes,Moins de 18 ans,Moins de 30 000,Femme
Yaounde,Un quartier de la ville de Yaounde,ONANA,QUATIER AOUSSA,,Un quartier de la ville de Yaounde,ONANA,QUATIER AOUSSA,,Par taxi,CARREFOUR,QUATIER AOUSSA,NKOLBISSON,CARREFOUR,Non,,,,,,Non,,,,2,Moins de 5 min,20,15 € 30 min,150,Travail,,Entre 18 et 25 ans,Moins de 30 000,Homme
Yaounde,Un quartier de la ville de Yaounde,MVOG BETSI,"HOLY INFANT,(OBILI)",,Un quartier de la ville de Yaounde,GOLF,CARREFOUR GOLF,,Par taxi,CARREFOUR GOLF,CARREFOUR GOLF,HOLY INFANT,HOLY INFANT,Non,,,,,,Non,,,,30,Plus de 20 minutes,30,30 € 60 min,700,Autres,Etudes,Moins de 18 ans,Moins de 30 000,Femme
Yaounde,Un quartier de la ville de Yaounde,ETETAK,ETETAK,,Un quartier de la ville de Yaounde,ETETAK,ETETAK,,Par taxi,CARREFOUR MEEC,CARREFOUR MEEC,TSINGA,TSINGA,Non,,,,,,Non,,,,1,Moins de 5 min,20,15 € 30 min,150,"Visite famille, amis",,Entre 26 et 35 ans,Moins de 30 000,Homme
Yaounde,Un quartier de la ville de Yaounde,MBANKOMO,MBANKOMO,,Un quartier de la ville de Yaounde,MSAM,MSAM GARANTI,,Par taxi,MBANKOMO,MBANKOMO,TRADEX SNIMBOCK,SIMBOCK,Non,,,,,,Oui,Par taxi,NSAM,MAKE CARREFOUR,20,Plus de 20 minutes,40,30 € 60 min,500,Travail,,Entre 55ans et 64 ans,Entre 300 001 et 500 000,Homme
Yaounde,Un quartier de la ville de Yaounde,BITENG,EXPRESS UNION,,Un quartier de la ville de Yaounde,BITENG,EXPRESS UNOIN,,Par moto / moto taxi,BITENG,EXPRESS UNION,EKOUNOU,CARREFOUR,Non,,,,,,Oui,Par taxi,BITENG,EXPRESSION,10,10 € 20 minutes,30,30 € 60 min,400,Courses,,Entre 36 et 45 ans,Entre 30 001 et 100 000,Femme
Yaounde,Un quartier de la ville de Yaounde,MBALLA 2,CARREFOUR REGI,,Un quartier de la ville de Yaounde,DOUALA,DOUALA ELF,,Par taxi,MBALLA 2,CARREFOUR REGI,MVAN,CARREFOUR,Non,,,,,,Oui,"Par Bus (agence interurbain, agence de voyage)",DOUALA,DOUALA ELF,20,Plus de 20 minutes,155,Plus de 1heure,2900,Travail,,Entre 26 et 35 ans,Entre 300 001 et 500 000,Homme
Yaounde,Un quartier de la ville de Yaounde,TITI GARAGE,QUENNS WAY,,Un quartier de la ville de Yaounde,ESSOMBA,DESCENTE EVASION,,A pied,,,,,Non,,,,,,Non,,,,5,5 € 10 minutes,45,30 € 60 min,100,Autres,Etudes,Moins de 18 ans,Entre 30 001 et 100 000,Femme
Yaounde,Un quartier de la ville de Yaounde,NSIMALEN,ECOCO2,,Un quartier de la ville de Yaounde,NSIMALEN,ECOCO2,,Par taxi,NSIMALEN,ECOCO2,MVAN,CARREFOUR,Non,,,,,,Non,,,,5,5 € 10 minutes,50,30 € 60 min,500,Courses,,Entre 26 et 35 ans,Entre 30 001 et 100 000,Homme
Yaounde,Un quartier de la ville de Yaounde,ETOA MEKI,FOYER BANJOUN,,Un quartier de la ville de Yaounde,ETOA MEKI,FOYER BANJOUN,,Par taxi,ETOA MEKI,FOYER BANJOUN,NLONGKAK,RON POIN 2,Non,,,,,,Non,,,,6,5 € 10 minutes,50,30 € 60 min,300,Demarches administratives et/ou sante,,Entre 36 et 45 ans,Entre 30 001 et 100 000,Femme
Yaounde,Un quartier de la ville de Yaounde,EKIE,CONCENTRE,,Un quartier de la ville de Yaounde,AHALA,GARAGE CAMION,,Par taxi,EKIE,CONCENTRE,AHALA,GARAGE,Non,,,,,,Non,,,,5,5 € 10 minutes,30,30 € 60 min,250,"Visite famille, amis",,Entre 26 et 35 ans,Moins de 30 000,Homme
Yaounde,Un quartier de la ville de Yaounde,ETOA MEKI,CARREFOUR ETOA-MEKI,,Un quartier de la ville de Yaounde,TKA,PMI TIKA,,A pied,,,,,Non,,,,,,Oui,Par taxi,TSINGA,PMI TIKA,15,10 € 20 minutes,30,30 € 60 min,500,Travail,,Entre 36 et 45 ans,Moins de 30 000,Homme
Yaounde,Un quartier de la ville de Yaounde,NGOA EKELLE,UNIVERSITE,,Un quartier de la ville de Yaounde,MVOG BETSI,HOPITALE,,A pied,,,,,Non,,,,,,Non,,,,5,5 € 10 minutes,60,Plus de 1heure,200,"Visite famille, amis",,Entre 26 et 35 ans,Moins de 30 000,Homme
Yaounde,Un quartier de la ville de Yaounde,NKOLKAK,NKOLKAK,,Un quartier de la ville de Yaounde,TSINGA,TRADEX TSINGA,,Par moto / moto taxi,CARREFOUR MEEC,CARREFOUR MEEC,MOKOLO,MOKOLO,Non,,,,,,Non,,,,5,5 € 10 minutes,7,Moins de 15 min,200,Travail,,Entre 18 et 25 ans,Moins de 30 000,Homme
Yaounde,Un quartier de la ville de Yaounde,BARRIERE,DIDEROT,,Un quartier de la ville de Yaounde,NOMAYOS,ARAB CONSTRACTOR,,Par taxi,BARRIERE,BARRIERE,NOMAYOS,ARAB CONSTRACTOR,Non,,,,,,Non,,,,15,10 € 20 minutes,15,15 € 30 min,300,Demarches administratives et/ou sante,,Entre 45 et 54 ans,Entre 100 001 et 300 000,Homme
Yaounde,Un quartier de la ville de Yaounde,MVOG BETSI,NVOC-BETI,,Un quartier de la ville de Yaounde,BEATITUDE,STATION BEATITUDE,,Par moto / moto taxi,NVOC- BETI,NVOC-BETI,CARREFOUR MEEC,CARREFOURMEEC,Non,,,,,,Oui,Par taxi,BEATITUDE,STATION BEATITUDE,10,10 € 20 minutes,30,30 € 60 min,600,Autres,recupere son vehicule,Entre 36 et 45 ans,Moins de 30 000,Homme
Yaounde,Un quartier de la ville de Yaounde,NIOM 2,STADE,,Un quartier de la ville de Yaounde,NKOLODOM,LA FERME,,Par moto / moto taxi,MESSASSI,DISPENSSAISE,NKOLODOM,FERME,Oui,Par moto / moto taxi,NIOM,ECOLE,MESSASSI,DIPENSSASI,Non,,,,25,Plus de 20 minutes,10,Moins de 15 min,500,"Visite famille, amis",,Entre 36 et 45 ans,Entre 30 001 et 100 000,Homme
Yaounde,Un quartier de la ville de Yaounde,MVAN,ELIG EDO,,Un quartier de la ville de Yaounde,DAMAS,TOTAL DAMAS,,Par taxi,MVAN,POSTE DE POLICE,AHALA,BARRIERE,Oui,A pied,MVAN,CARREFOUR SOCSUBA,MVAN,POSTE DE POLICE,Oui,Par taxi,DAMAS,TOTAL,1,Moins de 5 min,45,30 € 60 min,200,"Visite famille, amis",,Plus de 65 ans,Entre 100 001 et 300 000,Femme
Yaounde,Un quartier de la ville de Yaounde,CARREFOUR MEEC,BAOBA,,Un quartier de la ville de Yaounde,MINI - FERME,MAISON MERE,,Par taxi,CARREFOUR MEEC,BAOBA,MINI - FERME,MAISON MERE,Non,,,,,,Non,,,,20,Plus de 20 minutes,20,15 € 30 min,150,Courses,,Entre 18 et 25 ans,Entre 30 001 et 100 000,Homme
Yaounde,Un quartier de la ville de Yaounde,BISCUITERIE,BOULANGERIE FRANCAISE,,Un quartier de la ville de Yaounde,MELEN,MONTEE DU PARC,,Par moto / moto taxi,BISCUITERIE,DEVANT LA BOULANGERIE,CARREFOUR MEEC,CARREFOUR,Non,,,,,,Oui,Par taxi,MADAGASCAR,FLAMENCO,2,Moins de 5 min,10,Moins de 15 min,700,Autres,Etudes,Moins de 18 ans,Entre 30 001 et 100 000,Femme
Yaounde,Un quartier de la ville de Yaounde,NSIMEYONG,DERRIERE LA CHAPPELLE,,Un quartier de la ville de Yaounde,FOUDA,CLINIQUR FOUDA,,Par taxi,NSIMEYONG,CHAPPELLE,POSTE CENTRALE,SONEL,Non,,,,,,Oui,Par taxi,QUARTIER FOUDA,CLINIQUE FOUDA,5,5 € 10 minutes,10,Moins de 15 min,750,Demarches administratives et/ou sante,,Entre 36 et 45 ans,Entre 300 001 et 500 000,Femme
Yaounde,Un quartier de la ville de Yaounde,BRASSERIE,DERRRIERE BRASSERIE,,Un quartier de la ville de Yaounde,BRASSERIE,DERRIERE BRASSERIE,,Par taxi,BRASSERIE,AVANT USINE BRASSERIE,MVAN,CARREFOUR,Non,,,,,,Non,,,,5,5 € 10 minutes,15,15 € 30 min,250,"Visite famille, amis",,Entre 26 et 35 ans,Entre 100 001 et 300 000,Homme
Yaounde,Un quartier de la ville de Yaounde,MVOG ADA,BOUKARI,,Un quartier de la ville de Yaounde,NKOLGA,RUENSIMALEN,,A pied,,,,,Non,,,,,,Oui,Par taxi,NKOL NDA,RUE S-NSOMALEN,10,10 € 20 minutes,100,Plus de 1heure,400,Travail,,Entre 26 et 35 ans,Entre 30 001 et 100 000,Femme
Yaounde,Un quartier de la ville de Yaounde,LEBOUDI,ARRET BUT LEBOUTI,,Un quartier de la ville de Yaounde,ANGUISSA,CARREFOUR ANGUISSA,,Par Bus STACY,LEBOUDI,ARRET DE BUT,POSTE CENTRALE,POSTE CENTRE,Non,,,,,,Oui,Par taxi,ANGUISSA,CARREFOUR ANGUISSA,45,Plus de 20 minutes,45,30 € 60 min,400,"Visite famille, amis",,Entre 36 et 45 ans,Entre 30 001 et 100 000,Homme
Yaounde,Un quartier de la ville de Yaounde,COLLEGE FOTSO,ENTRE BEAC,,Un quartier de la ville de Yaounde,MVAN,BR A SSERIE,,A pied,,,,,Non,,,,,,Oui,Par taxi,MVAN,BRASSERIE,2,Moins de 5 min,20,15 € 30 min,200,Travail,,Moins de 18 ans,Entre 100 001 et 300 000,Homme
Yaounde,Un quartier de la ville de Yaounde,NKO NDONGO,PHOTO JEEUNES,,Un quartier de la ville de Yaounde,NKOLBISSON,FOTO JEUNES,,Par taxi,NKO NDONGO,FOTO JEUNES,NLONGKAK,ROND POINT,Non,,,,,,Non,,,,2,Moins de 5 min,25,15 € 30 min,250,Autres,Etudes,Entre 18 et 25 ans,Moins de 30 000,Homme
Yaounde,Un quartier de la ville de Yaounde,EKOUM DOUM,OLEZOA,,Un quartier de la ville de Yaounde,EKOUM DOUM,IMMEUBLE HAPPY,,Par taxi,EKOUM DOUM,IMMEUBLE HAPPY,ODZA,TERMINUS,Non,,,,,,Non,,,,5,5 € 10 minutes,20,15 € 30 min,300,Travail,,Entre 36 et 45 ans,Entre 300 001 et 500 000,Homme
Yaounde,Un quartier de la ville de Yaounde,TKC,COLLEGE FLEMIE,,Un quartier de la ville de Yaounde,SIMBOCK,ENTREE VALLEE,,A pied,,,,,Non,,,,,,Non,,,,30,Plus de 20 minutes,55,30 € 60 min,200,Demarches administratives et/ou sante,,Moins de 18 ans,Moins de 30 000,Femme
Yaounde,Un quartier de la ville de Yaounde,NKOA MBANG,CARREFOUR NKOA MBANG,,Un quartier de la ville de Yaounde,BABA,BABA,,Un particulier,NKOA MBANG,CARREFOUR NKOA MBANG,OMNISIPORT,CARREFOUR OMINDPORT,Non,,,,,,Non,,,,10,10 € 20 minutes,25,15 € 30 min,500,"Visite famille, amis",,Entre 45 et 54 ans,Entre 30 001 et 100 000,Femme
Yaounde,Un quartier de la ville de Yaounde,NKOLBISSON,NOUVELLE ROUTE NKOLBISSON,,Un quartier de la ville de Yaounde,CARREFOUR REGIS,CARREFOUR REGIS,,A pied,,,,,Non,,,,,,Oui,Par taxi,REGIS,CARREFOUR REGIS,1,Moins de 5 min,30,30 € 60 min,300,Autres,Etudes,Moins de 18 ans,Entre 30 001 et 100 000,Femme
Yaounde,Un quartier de la ville de Yaounde,NFANDENA,NFANDENA,,Un quartier de la ville de Yaounde,MBALLA 2,REGIE,,Par taxi,NFANDEN A,NFANDENA,MOBIL,OMNISIPORT,Non,,,,,,Non,,,,3,Moins de 5 min,20,15 € 30 min,200,Courses,,Entre 18 et 25 ans,Entre 100 001 et 300 000,Femme
Yaounde,Un quartier de la ville de Yaounde,NKOLMESSENG,SOUS PREFECTURE DE YOUNDE 7,,Un quartier de la ville de Yaounde,OBILI,CAPELLE OBOLI,,Par taxi,OBILI,CHAPPELLE OBILI,MEEEC,CARREFOUR MEEC,Non,,,,,,Oui,Un particulier,OYOM ABANG,MARCHE,2,Moins de 5 min,30,30 € 60 min,1000,Travail,,Entre 45 et 54 ans,Entre 30 001 et 100 000,Homme
Yaounde,Un quartier de la ville de Yaounde,FOURGEROLLES,"PETIT MARCHE FOUGEROLLES, LYCEE NKOL MEKONG",,Un quartier de la ville de Yaounde,FOURGEROLLES,MARCHE DERRIERLE LYCEE,,A pied,,,,,Non,,,,,,Non,,,,0,Moins de 5 min,2,Moins de 15 min,250,"Activites de loisirs, sportives,/ voyages",,Entre 18 et 25 ans,Moins de 30 000,Femme
Yaounde,Un quartier de la ville de Yaounde,MBANKOLO,CARREFOUR NBANGOLO,,Un quartier de la ville de Yaounde,OBA,HOPITAL OBA,,Par taxi,MBANKOLO,CARREFOUR NBANGOLO,CARREFOUR MEEC,CARREFOUR MEEC,Non,,,,,,Oui,Par taxi,OBACK,HOPITAL,30,Plus de 20 minutes,1,Moins de 15 min,1000,Autres,hopital,Entre 18 et 25 ans,Moins de 30 000,Femme
Yaounde,Un quartier de la ville de Yaounde,MVOLYE,BASILIQUE,,Un quartier de la ville de Yaounde,SANTA BARBARA,NGOUSDO,,Par taxi,MVOLYE,SAINT ANDRE,OMNISIPORT,MOBIL,Non,,,,,,Non,,,,10,10 € 20 minutes,45,30 € 60 min,400,Autres,retour a la maison,Moins de 18 ans,Entre 100 001 et 300 000,Femme
Yaounde,Un quartier de la ville de Yaounde,SANTA BARBARA,CENT METRE APRES LES CHATEAUX,,Un quartier de la ville de Yaounde,DRAGAGE,CARREFOUR SNH,,Par moto / moto taxi,SANTA BARBARA,AU NIVEAU DU CHATEAU,A REGI,ETOUDI,Non,,,,,,Oui,Par moto / moto taxi,DRAGAGE,CARREFOUR SNH,10,10 € 20 minutes,20,15 € 30 min,350,Travail,,Entre 18 et 25 ans,Entre 30 001 et 100 000,Femme
Yaounde,Un quartier de la ville de Yaounde,NSIMALEN,NKOL NDA,,Un quartier de la ville de Yaounde,NGOUSSO,DERRIERE PHARMACIE BLEU,,Par taxi,NSIMALEN,NKOL NDA,POSTE CENTRALE,CATHEDRALE,Non,,,,,,Oui,Par taxi,NGOUSSO,DERRIERE PHARMACIE BLEU,5,5 € 10 minutes,10,Moins de 15 min,1500,Autres,Etudes,Moins de 18 ans,Entre 300 001 et 500 000,Femme
Yaounde,Un quartier de la ville de Yaounde,MENDONG,NKOKDOUE,,Un quartier de la ville de Yaounde,COLLEGE FMI,MAISON BLABCHE,,Par taxi,CITE SIK,MENDONG,ACACIA,CARREFOUR,Non,,,,,,Oui,Par taxi,DAMAS,CITE SIC MAISON BLANCHE,2,Moins de 5 min,100,Plus de 1heure,300,Travail,,Entre 36 et 45 ans,Entre 100 001 et 300 000,Homme
Yaounde,Un quartier de la ville de Yaounde,MBANKOLO,DERRIERE ELOIN,,Un quartier de la ville de Yaounde,NKOL BIKOK,NKOL BIKOK,,Par moto / moto taxi,MBANKOLO,DERRIERE ELOIN,CARREFOUR NBANKOLO,CARREFOUR,Non,,,,,,Oui,Par taxi,NKOL BIKOK,NKOL BIKOK,10,10 € 20 minutes,45,30 € 60 min,200,Travail,,Entre 55ans et 64 ans,Entre 30 001 et 100 000,Homme
Yaounde,Un quartier de la ville de Yaounde,MOKOLO,MARCHE MOKOLO,,Un quartier de la ville de Yaounde,MVOG BETSI,CARREFOUR MVOG BETSI,,Par taxi,MOKOLO,MARCHE MOKOLO,MELEN,MARCHE MELEN,Non,,,,,,Non,,,,5,5 € 10 minutes,10,Moins de 15 min,200,"Activites de loisirs, sportives,/ voyages",,Entre 45 et 54 ans,Entre 100 001 et 300 000,Homme
Yaounde,Un quartier de la ville de Yaounde,TONGOLO,SUPER CONFORT,,Un quartier de la ville de Yaounde,TSINGA,8EME,,Par taxi,TONGOLO,SUPER CONFORT,NLONGKAK,ROND POINT,Non,,,,,,Non,,,,10,10 € 20 minutes,20,15 € 30 min,400,Courses,,Entre 55ans et 64 ans,Entre 100 001 et 300 000,Homme
Yaounde,Un quartier de la ville de Yaounde,MVOG EKOUSSOU,GENDARMERIE,,Un quartier de la ville de Yaounde,OYOM ABANG,CAMP SONNEL,,Par moto / moto taxi,MVOG EKOUSSOU,GENDARMERIE,ETOUDI,MARCHE,Non,,,,,,Non,,,,25,Plus de 20 minutes,95,Plus de  1heure,750,Travail,,Entre 45 et 54 ans,Entre 300 001 et 500 000,Femme
Yaounde,Un quartier de la ville de Yaounde,FEBE,VILLAGE,,Un quartier de la ville de Yaounde,NKOM-KANA,DECENTE NKOM-KANA,,Par taxi,FEBE,MONTE FEBE,NKOM-KANA,DECENTE NKOM-KANA,Oui,Par taxi,MBANKOLO,CARREFOUR,NKOM-KANA,DECENTE NKOM-KANA,Non,,,,10,10 € 20 minutes,35,30 € 60 min,200,Courses,,Entre 55ans et 64 ans,Entre 30 001 et 100 000,Femme
Yaounde,Un quartier de la ville de Yaounde,MBANKOLO,FOMENOR,,Un quartier de la ville de Yaounde,OLEZOA,OLEZOA,,Par moto / moto taxi,FOMENOR,MBANKOLO,MBANKOLO,MBANKOLO,Non,,,,,,Oui,Par taxi,OLEZOA,AMBASSADE DE FRANCE,10,10 € 20 minutes,30,30 € 60 min,300,Travail,,Entre 36 et 45 ans,Entre 100 001 et 300 000,Homme
Yaounde,Un quartier de la ville de Yaounde,BRASSERIE,CARREFOUR DES CAVEAUX,,Un quartier de la ville de Yaounde,MBANKOLO,PANTHERE HOTEL,,Par taxi,BRASSERIE,CARREFOUR CAVEAUX,POSTE CENTRALE,CAMTEL,Non,,,,,,Oui,Par taxi,MBANKOLO,PANTHERE HOTEL,2,Moins de 5 min,30,30 € 60 min,350,"Visite famille, amis",,Entre 18 et 25 ans,Entre 100 001 et 300 000,Homme
Yaounde,Un quartier de la ville de Yaounde,JOUVENCE,A LA MONTE,,Un quartier de la ville de Yaounde,JOUVENCE,A LA MONTE,,Par taxi,JOUVENCE,A LA MONTE,POSTE CENTRALE,SONEL,Non,,,,,,Non,,,,15,10 € 20 minutes,25,15 € 30 min,250,Courses,,Entre 18 et 25 ans,Moins de 30 000,Homme
Yaounde,Un quartier de la ville de Yaounde,AHALA,BAMBIS AHALA,,Un quartier de la ville de Yaounde,ETOA,CHEZ LE GOUVENEUR,,A pied,,,,,Non,,,,,,Oui,Par moto / moto taxi,ETOA,CHEZ LE GOUVENEUR,2,Moins de 5 min,5,Moins de 15 min,400,"Visite famille, amis",,Moins de 18 ans,Moins de 30 000,Homme
Yaounde,Un quartier de la ville de Yaounde,MVOG ADA,COLLEGE MONTESQUIEU,,Un quartier de la ville de Yaounde,ETOUG EBE,ETOUG EBE CENTRE,,Par moto / moto taxi,CARREFOUR NSAM,CARREFOUR NSAM,SIMBOCK,ENTREE SIMBOCK,Non,,,,,,Non,,,,10,10 € 20 minutes,30,30 € 60 min,1000,"Visite famille, amis",,Entre 18 et 25 ans,Moins de 30 000,Femme
Yaounde,Un quartier de la ville de Yaounde,MENDONG,DERRIERE LE CMP,,Un quartier de la ville de Yaounde,MVAN,GENERALE VOYAGE,,Par taxi,MINDONG,DERRIERE LE CAMP,SIMBOCK,ENTREE SIMBOCK,Non,,,,,,Oui,Par taxi,MVAN,AGENCE GENERAL,30,Plus de 20 minutes,20,15 € 30 min,700,"Activites de loisirs, sportives,/ voyages",,Entre 26 et 35 ans,Entre 30 001 et 100 000,Homme
Yaounde,Un quartier de la ville de Yaounde,ETOUDI,BILONO A COTE DU SANCTUAIRE ETOUDI,,Un quartier de la ville de Yaounde,BILONO ETOUDI,COTE DU SENTUAIRE,,Par moto / moto taxi,VILLAGE,EMANA VILLAGE,EMANA,BONNE FONTAINE,Non,,,,,,Oui,Par taxi,ETOUDI,CHAPPELLE,2,Moins de 5 min,15,15 € 30 min,800,Travail,,Entre 26 et 35 ans,Entre 30 001 et 100 000,Femme
Yaounde,Un quartier de la ville de Yaounde,NKOZOA,LAC,,Un quartier de la ville de Yaounde,NKOLANGA,IAI,,Par taxi,NKOZOA,LAC,EKOUNOU,CARREFOUR,Non,,,,,,Oui,Par moto / moto taxi,NKOLANGA,IAI,10,10 € 20 minutes,80,Plus de 1heure,800,Autres,Etudes,Entre 18 et 25 ans,Entre 300 001 et 500 000,Homme
Yaounde,Un quartier de la ville de Yaounde,NKO NDONGO,INSTITUT SAINTOU,,Un quartier de la ville de Yaounde,ELIG EFFA,MONTE,,Par taxi,NKO NDONGO,STADE,POSTE CENTRALE,C A MTEL,Non,,,,,,Oui,Par taxi,MOKOLO,PROGRES,5,5 € 10 minutes,30,30 € 60 min,300,"Activites de loisirs, sportives,/ voyages",,Entre 18 et 25 ans,Entre 100 001 et 300 000,Homme
Yaounde,Un quartier de la ville de Yaounde,TONGOLO,PHARMACIE,,Un quartier de la ville de Yaounde,TONGOLO,TONGOLO PHARMACIE,,A pied,,,,,Non,,,,,,Non,,,,2,Moins de 5 min,30,30 € 60 min,400,Courses,,Entre 36 et 45 ans,Entre 300 001 et 500 000,Femme
Yaounde,Un quartier de la ville de Yaounde,ETOA,BOCOM ETOA,,Un quartier de la ville de Yaounde,MVOG BETSI,BRIGARDE MVOG BETSI,,Par moto / moto taxi,ETOA,BOCOM ETOA,BARRIERE,CARREFOUR BARRIERE,Non,,,,,,Non,,,,25,Plus de 20 minutes,100,Plus de  1heure,500,Travail,,Entre 26 et 35 ans,Entre 100 001 et 300 000,Homme
Yaounde,Un quartier de la ville de Yaounde,NGOUSSO,DERRIERE LA PHARMACIE,,Un quartier de la ville de Yaounde,BITOTOL,BITOTOL,,Par taxi,NGOUSSO,PHARMARCIE BLUE,POSTE CENTRALE,POSTE CENTRALE,Non,,,,,,Non,,,,5,5 € 10 minutes,5,Moins de 15 min,1000,Travail,,Entre 45 et 54 ans,Entre 30 001 et 100 000,Homme
Yaounde,Un quartier de la ville de Yaounde,CARRIERE,MANGUIER,,Un quartier de la ville de Yaounde,LEBOUDI,DERRIERE LA SAVONNERIE,,Par taxi,MADAGASCAR,MADAGASCAR,CARREFOUR MEEC,CARREFOUR MEEC,Oui,Par moto / moto taxi,CARRIERE,CARRIERE,MADAGASCAR,MADAGASCAR,Non,,,,10,10 € 20 minutes,10,Moins de 15 min,1000,Travail,,Entre 36 et 45 ans,Moins de 30 000,Femme
Yaounde,Un quartier de la ville de Yaounde,MELEN,GP MELEN,,Un quartier de la ville de Yaounde,MADASCACAR,MADASCACAR,,Par moto / moto taxi,CARREFOUR MEEC,CARREFOUR MEEC,MADAGASCAR,MADASCACAR,Non,,,,,,Non,,,,2,Moins de 5 min,20,15 € 30 min,200,Autres,Etudes,Moins de 18 ans,Moins de 30 000,Homme
Yaounde,Un quartier de la ville de Yaounde,AWAE,ESCALIER,,Un quartier de la ville de Yaounde,BITENG,MAETUR,,Un particulier,AWAE,ESCALIER,EKOUNOU,CARREFOUR,Non,,,,,,Oui,Par taxi,BITENG,MAETUR,2,Moins de 5 min,15,15 € 30 min,200,Courses,,Entre 18 et 25 ans,Plus de 500 001,Femme
Yaounde,Un quartier de la ville de Yaounde,ODZA,COLEGE,,Un quartier de la ville de Yaounde,BARRIERE,COLEGE DIDERO,,Par taxi,ODZA,COLLEGE ADVENTISTE,BARRIERE,CARREFOUR,Non,,,,,,Oui,Par taxi,BARRIERE,COLLEGE DIDETO,2,Moins de 5 min,15,15 € 30 min,200,Autres,Etudes,Moins de 18 ans,Plus de 500 001,Femme
Yaounde,Un quartier de la ville de Yaounde,ETOUDI,JEAN TABI,,Un quartier de la ville de Yaounde,FEBE,VILLAGE,,A pied,,,,,Non,,,,,,Non,,,,5,5 € 10 minutes,35,30 € 60 min,900,Autres,Etudes,Moins de 18 ans,Entre 300 001 et 500 000,Femme
Yaounde,Un quartier de la ville de Yaounde,OLEMBE,DJANASSI,,Un quartier de la ville de Yaounde,MINBOMAN,DERIERE L HOTEL,,Par taxi,OLEMBE,DISPANSAIRE MESSA,MINBOMAN,TERMINUS,Oui,Par moto / moto taxi,OLEMBE,DJANASSI,OLEMBE,DISPENSAIRE,Non,,,,60,Plus de 20 minutes,120,Plus de  1heure,900,Travail,,Entre 26 et 35 ans,Entre 30 001 et 100 000,Homme
Yaounde,Un quartier de la ville de Yaounde,MELEN,MELEN,,Un quartier de la ville de Yaounde,MONGONAM,MOKONAM,,Par moto / moto taxi,MONGONAM,MONGONAM,GP MELEN,GP MELEN,Non,,,,,,Non,,,,2,Moins de 5 min,15,15 € 30 min,100,Autres,Etudes,Moins de 18 ans,Moins de 30 000,Homme
Yaounde,Un quartier de la ville de Yaounde,NKOZOA,ENTREE CHAMP DE TIR,,Un quartier de la ville de Yaounde,NKOLBISSON,LYCEE TECHNIQUE DE NKOLBISSON,,Un particulier,NKOZOA,ENTREE CHAMP DE TIR,ROND POINT NLONGKAK,ROND POINT NLONGKAK,Oui,Par taxi,ROND POINT NLONGKAK,ROND POINT NLONGKAK,MOKOLO,NIKI MOKOLO,Oui,Par Cargo/ Mini Bus,NKOLBISSON,LYCEE TECHNIQUE,35,Plus de 20 minutes,35,30 € 60 min,850,Autres,Etudes,Moins de 18 ans,Entre 100 001 et 300 000,Homme
Yaounde,Un quartier de la ville de Yaounde,NKOLBISSON,EBOUL ME MFOU,,Un quartier de la ville de Yaounde,CENTRE VILLE,VERS LA POSTE,,Par moto / moto taxi,NKOLBISSON,EBOULE ME MFOU,NKOLBISSON,CARREFOUR,Non,,,,,,Oui,Par taxi,CENTRE VILLE,AVANT LA POSTE,5,5 € 10 minutes,20,15 € 30 min,400,"Visite famille, amis",,Entre 55ans et 64 ans,Entre 100 001 et 300 000,Homme
Yaounde,Un quartier de la ville de Yaounde,MENDONG,NKOLNDZIE,,Un quartier de la ville de Yaounde,ACACIA,CARREFOUR ACACIA,,Par taxi,TEKC,CHAPPELLE TEKC,ACACIA,CARREFOUR ACACIA,Non,,,,,,Non,,,,10,10 € 20 minutes,180,Plus de 1heure,300,"Visite famille, amis",,Entre 55ans et 64 ans,Moins de 30 000,Homme
Yaounde,Un quartier de la ville de Yaounde,OYOM ABANG,CARREFOUR TSINI,,Un quartier de la ville de Yaounde,RUE FOE,DELEGATION REGIONAL EAU ET ENERGIE,,Par taxi,OYOM ABANG,CARREFOUR TSINI,POSTE CENTRALE,POSTE CENTRALE,Non,,,,,,Non,,,,5,5 € 10 minutes,5,Moins de 15 min,800,Travail,,Entre 45 et 54 ans,Entre 100 001 et 300 000,Homme
Yaounde,Un quartier de la ville de Yaounde,ETOUG EBE,CARREFOUR CITI,,Un quartier de la ville de Yaounde,LEBOUDI,ENTREE CHAPPELLE,,Par taxi,CENTRE HANDICAPE,CENTRE HANDICAPE,CARREFOUR MEEC,CARREFOUR MEEC,Non,,,,,,Non,,,,5,5 € 10 minutes,10,Moins de 15 min,800,Travail,,Entre 45 et 54 ans,Moins de 30 000,Femme
Yaounde,Un quartier de la ville de Yaounde,ETOA MEKI,FOYER BANJOUN ENTRE,,Un quartier de la ville de Yaounde,ETOA MEKI,FOYERBANJOUN,,Par taxi,ETOA MEKI,FOYERBANDJOUN,NLONGKAK,ROND POINT,Non,,,,,,Non,,,,2,Moins de 5 min,10,Moins de 15 min,200,Autres,Etudes,Moins de 18 ans,Moins de 30 000,Femme
Yaounde,Un quartier de la ville de Yaounde,OYOM ABANG,CAMP SONEL OYOM ABANGG,,Un quartier de la ville de Yaounde,ETOA,CARREFOUR ARAM,,Par taxi,MOKOLO,MOKOLO EN BAS,AHALA,BARRIERE AHALA,Oui,Par moto / moto taxi,OYOM ABANG,CAMP SONEL OYOM ABANGG,MOKOLO,MOKOLO EN BAS,Oui,Par moto / moto taxi,ETOA,ARAM,15,10 € 20 minutes,60,Plus de 1heure,900,Travail,,Entre 18 et 25 ans,Entre 30 001 et 100 000,Homme
Yaounde,Un quartier de la ville de Yaounde,NKOLANGA,IAI,,Un quartier de la ville de Yaounde,NKOLANGA,IAI,,Par taxi,MVOG ATANGANA MBALLA,CARREFOUR,EKOUNOU,CARREFOUR,Oui,Par taxi,EKOUNOU,CARREFOUR,NKOLANGA,IAI,Oui,Par taxi,NKOLANGA,IAI,15,10 € 20 minutes,45,30 € 60 min,400,"Visite famille, amis",,Entre 18 et 25 ans,Moins de 30 000,Femme
Yaounde,Un quartier de la ville de Yaounde,BATA NLONGKAK,COLLEGE ADVENTISTE,,Un quartier de la ville de Yaounde,TITI GARAGE,MAISON ROUGE,,A pied,,,,,Non,,,,,,Oui,Par taxi,TITI GARAGE,MAISON ROUGE,15,10 € 20 minutes,30,30 € 60 min,150,Autres,Etudes,Entre 18 et 25 ans,Moins de 30 000,Femme
Yaounde,Un quartier de la ville de Yaounde,CITE VERTE,DERRIERE YOYO BAR,,Un quartier de la ville de Yaounde,CITE VERTE,DERRIERE YOYOBAR,,Par moto / moto taxi,MBANKOLO,TRADEX,CITE VERTE,DERRIERE YOYO BAR,Non,,,,,,Non,,,,7,5 € 10 minutes,30,30 € 60 min,200,"Activites de loisirs, sportives,/ voyages",,Entre 18 et 25 ans,Entre 30 001 et 100 000,Homme
Yaounde,Un quartier de la ville de Yaounde,ETOUG EBE,KONDOUE,,Un quartier de la ville de Yaounde,EMANA,PONT EMANA,,Par moto / moto taxi,ETOUG EBE,KONDOUE,ETOUG EBE,CENTRE,Non,,,,,,Oui,Par taxi,EMANA,PONT EMANA,30,Plus de 20 minutes,60,Plus de 1heure,300,Autres,Etudes,Entre 18 et 25 ans,Entre 100 001 et 300 000,Femme
Yaounde,Un quartier de la ville de Yaounde,EFOULAN,GENGARMERIE,,Un quartier de la ville de Yaounde,EFOULAN,GERGARMERI,,Par taxi,ACACIA,CARREFOUR,EFOULAN,GENDAMERI,Non,,,,,,Non,,,,3,Moins de 5 min,10,Moins de 15 min,150,Autres,pour le marche,Moins de 18 ans,Entre 30 001 et 100 000,Femme
Yaounde,Un quartier de la ville de Yaounde,ETOUDI,ABATOIRE,,Un quartier de la ville de Yaounde,MBANKOLO,FEBE VILLAGGE,,Par moto / moto taxi,ETOUDI,ABATOIRE,ETOUDI,MARCHE,Non,,,,,,Non,,,,10,10 € 20 minutes,60,Plus de  1heure,650,"Visite famille, amis",,Entre 36 et 45 ans,Plus de 500 001,Femme
Yaounde,Un quartier de la ville de Yaounde,MVAN,OFFICE DU BAC,,Un quartier de la ville de Yaounde,EMMIA,CARREFOUR EMIA,,Par taxi,MVAN,TROPICANA,MVAN,CARREFOUR,Oui,Par taxi,MVAN,TROPICANA,MVAN,CARREFOUR,Non,,,,28,Plus de 20 minutes,30,30 € 60 min,300,"Visite famille, amis",,Entre 55ans et 64 ans,Entre 30 001 et 100 000,Femme
Yaounde,Un quartier de la ville de Yaounde,TSINGA,CENAT,,Un quartier de la ville de Yaounde,NKOLMESSENG,PETIT !TRE PARIS,,Par taxi,TSINGA,SENAT,POSTE CENTRALE,CATHEDRALE,Non,,,,,,Non,,,,10,10 € 20 minutes,60,Plus de 1heure,600,Autres,retour a la maison,Entre 26 et 35 ans,Moins de 30 000,Femme
Yaounde,Un quartier de la ville de Yaounde,ETOA,STATION BLESSING,,Un quartier de la ville de Yaounde,BARRIERE,TRADEX BARRIERE,,Par moto / moto taxi,ETOA,BLESSING ETOA,BARRIERE,TRADEX BARRIERE,Non,,,,,,Non,,,,15,10 € 20 minutes,10,Moins de 15 min,200,Travail,,Moins de 18 ans,Moins de 30 000,Homme
Yaounde,Un quartier de la ville de Yaounde,NKO NDONGO,AUBERGE DE LA PAIX DESCENTE DZOUE,,Un quartier de la ville de Yaounde,NKO NDONGO,AUBERGE DE LAPAIX DESCENTE DZOUE,,Par taxi,EKOUNOU,CARREFOUR,DESCENTE DZOUE,AU BERGE DE LA PAIX,Non,,,,,,Non,,,,10,10 € 20 minutes,30,30 € 60 min,300,Courses,,Entre 18 et 25 ans,Moins de 30 000,Femme
Yaounde,Un quartier de la ville de Yaounde,NSIMEYONG,CHAPPELLE NSIMEYONG,,Un quartier de la ville de Yaounde,SIMBOCK,ENTREE SIMBOCK,,Par taxi,NSIMEYONG,CHAPPELLE NSIMEYONG,SIMBOCK,ENTREE SIMBOCK,Non,,,,,,Non,,,,6,5 € 10 minutes,5,Moins de 15 min,200,Demarches administratives et/ou sante,,Entre 45 et 54 ans,Entre 300 001 et 500 000,Femme
Yaounde,Un quartier de la ville de Yaounde,AHALA,TERMINUS AHALA,,Un quartier de la ville de Yaounde,NGOUMOU,PONT BASCULE,,Par taxi,ODZA,TREMINUS,BARRIERE AHALA,TRADEX AHALA,Non,,,,,,Oui,Par taxi,NGOUMOU,PONT BASCULE,20,Plus de 20 minutes,25,15 € 30 min,250,"Activites de loisirs, sportives,/ voyages",,Entre 18 et 25 ans,Entre 30 001 et 100 000,Homme
Yaounde,Un quartier de la ville de Yaounde,EFOULAN,EFOULAN GENDARMERIE,,Un quartier de la ville de Yaounde,EFOULAN,EFOULAN GENDARMERIE,,Par taxi,EFOULAN,EFOULAN LYCEE,ACACIA,ACACIA VERS OBILI,Non,,,,,,Non,,,,5,5 € 10 minutes,5,Moins de 15 min,150,Autres,faire du marche,Entre 18 et 25 ans,Moins de 30 000,Homme
Yaounde,Un quartier de la ville de Yaounde,EKOUNOU,PALAIS DE JUSTICE,,Un quartier de la ville de Yaounde,ESSTIC,CARREFOUR ESSTIC,,A pied,,,,,Non,,,,,,Non,,,,40,Plus de 20 minutes,15,15 € 30 min,100,Autres,Etudes,Moins de 18 ans,Moins de 30 000,Homme
Yaounde,Un quartier de la ville de Yaounde,NGOUSSO,FANTA CITRON,,Un quartier de la ville de Yaounde,FANTA CITRON,CITRON,,Par taxi,NGOUSSO,TOTAL,MOBIL OMNISIPORT,MOBIL,Non,,,,,,Non,,,,45,Plus de 20 minutes,110,Plus de 1heure,300,Autres,Etudes,Entre 18 et 25 ans,Entre 30 001 et 100 000,Femme
Yaounde,Un quartier de la ville de Yaounde,AWAE ESCALIER,BCS,,Un quartier de la ville de Yaounde,NKOA MBANG,TRADEX NKOA MBANG,,A pied,,,,,Non,,,,,,Oui,Par taxi,NKOA MBANG,TRADEX,5,5 € 10 minutes,25,15 € 30 min,250,Travail,,Entre 18 et 25 ans,Entre 300 001 et 500 000,Homme
Yaounde,Un quartier de la ville de Yaounde,NKOZOA,CHAMP DE TIRE,,Un quartier de la ville de Yaounde,BARRIERE,CARREFOUR BARRIERE,,Par taxi,NKOZOA,CHAMP DE TIRE,MVAN,CAREFOUR,Non,,,,,,Non,,,,15,10 € 20 minutes,45,30 € 60 min,1000,Travail,,Entre 36 et 45 ans,Entre 300 001 et 500 000,Homme
Yaounde,Un quartier de la ville de Yaounde,CITE VERTE,MONTEE CARNAVAL,,Un quartier de la ville de Yaounde,CITE VERTE,MONTEE CARNAVAL,,Par taxi,CITE VERTE,MONTEE CARNAVAL,ETOUDI,MARCHE,Non,,,,,,Non,,,,10,10 € 20 minutes,45,30 € 60 min,500,Travail,,Entre 18 et 25 ans,Plus de 500 001,Femme
Yaounde,Un quartier de la ville de Yaounde,CITE VERTE,FACE HOPITAL,,Un quartier de la ville de Yaounde,MONATELE,LEBOUDI,,Un particulier,CITE VERTE,CAMPCITE,CARREFOURMEEC,CARREFOURMEEC,Non,,,,,,Oui,Par taxi,MONATELE,LEBOUDI,5,5 € 10 minutes,100,Plus de 1heure,400,Travail,,Entre 36 et 45 ans,Entre 30 001 et 100 000,Homme
Yaounde,Un quartier de la ville de Yaounde,ELIG ESSONO,MARIE COKER,,Un quartier de la ville de Yaounde,ELIG ESSONO,MARIE COKER,,Par taxi,CAMERCO,CARREFOUR CAMERCO,EMANA,BONNE FONTAINE,Non,,,,,,Non,,,,2,Moins de 5 min,40,30 € 60 min,500,"Visite famille, amis",,Entre 26 et 35 ans,Entre 30 001 et 100 000,Femme
Yaounde,Un quartier de la ville de Yaounde,NIOM,OFFICIER,,Un quartier de la ville de Yaounde,NIOM,OFFICIER,,Par taxi,NIOM,OFFICIER,MESSASSI,DISPENSAIRE,Non,,,,,,Non,,,,3,Moins de 5 min,12,Moins de 15 min,200,Courses,,Entre 26 et 35 ans,Entre 30 001 et 100 000,Homme
Yaounde,Un quartier de la ville de Yaounde,MESSASSI,NYOM CHATEAU,,Un quartier de la ville de Yaounde,ESSOS,CAN SONEL,,Par moto / moto taxi,MESSASSI,NYOM CHATEAU,MESSASSI,DISPENSAIRE,Non,,,,,,Non,,,,5,5 € 10 minutes,30,30 € 60 min,400,"Activites de loisirs, sportives,/ voyages",,Entre 18 et 25 ans,Moins de 30 000,Femme
Yaounde,Un quartier de la ville de Yaounde,TAM - TAM,MONTEE,,Un quartier de la ville de Yaounde,TAM - TAM,TAM,,A pied,,,,,Non,,,,,,Non,,,,3,Moins de 5 min,20,15 € 30 min,250,Autres,deuil,Entre 45 et 54 ans,Entre 100 001 et 300 000,Femme
Yaounde,Un quartier de la ville de Yaounde,AFANOYA,NKOLMESSIN,,Un quartier de la ville de Yaounde,NKOA MBANG,APRES BRIGADE,,Par moto / moto taxi,AFANOYA,NKOLMESSIN,BARRIERE,BARRIERE AHALA,Non,,,,,,Oui,Par taxi,NKOA MBANG,BRIGADE NKOAABAM,30,Plus de 20 minutes,60,Plus de  1heure,900,"Visite famille, amis",,Entre 45 et 54 ans,Entre 30 001 et 100 000,Femme
Yaounde,Un quartier de la ville de Yaounde,NKOM-KANA,2EME TOTAL,,Un quartier de la ville de Yaounde,FOURGEROLLES,YOKAFO,,Par moto / moto taxi,NKOM-KANA,2EME TOTAL,OMNISIPORT,MOBIL,Non,,,,,,Non,,,,5,5 € 10 minutes,30,30 € 60 min,600,Autres,Etudes,Entre 18 et 25 ans,Moins de 30 000,Homme
Yaounde,Un quartier de la ville de Yaounde,NKONDENGUI,DESCRNTE NKONDENGUI,,Un quartier de la ville de Yaounde,NKONDENGUI,DESCENTE,,Par moto / moto taxi,EKOUNOU,CARREFOUR,NKONDENGUI,DESCENTE,Non,,,,,,Non,,,,1,Moins de 5 min,10,Moins de 15 min,200,Demarches administratives et/ou sante,,Moins de 18 ans,Moins de 30 000,Homme
Yaounde,Un quartier de la ville de Yaounde,NKOL FOULOU,ENTREE WAGUEE,,Un quartier de la ville de Yaounde,NKOL FOULOU,ENTREE WAGUEE,,Par taxi,POSTE CENTRALE,CAMAIR,NGOA CHATEAU,CHATEAU,Oui,Par Cargo/ Mini Bus,ENTREE WAGUEE,NKOL FOULOU,POSTE CENTRALE,CAMAIR,Oui,Par Bus STACY,NKOL FOULOU,ENTREE WAGUEE,5,5 € 10 minutes,90,Plus de 1heure,550,"Visite famille, amis",,Entre 18 et 25 ans,Entre 100 001 et 300 000,Homme
Yaounde,Un quartier de la ville de Yaounde,NKOLMESSENG,DERRIERE LE LYCEE BILINGUE D'ESSOS,,Un quartier de la ville de Yaounde,BASTOS,CARREFOUR GOLF,,Par taxi,NKOLMESSENG,DERRIERE LE LYCEE BILINGUE,OMNISIPORT,TEXACO,Non,,,,,,Oui,Par taxi,BASTOS,CARREFOUR GOLF,5,5 € 10 minutes,45,30 € 60 min,500,Autres,Etudes,Moins de 18 ans,Entre 300 001 et 500 000,Femme
Yaounde,Un quartier de la ville de Yaounde,ELEVEUR,BETHANIE,,Un quartier de la ville de Yaounde,CENTRE VILLE,INSPECTION DU TRAVAIL,,Par moto / moto taxi,ELEVEUR,BETHANIE,ELEVEUR,CARREFOUR,Non,,,,,,Oui,Par taxi,CENTRE VILLE,INSPECTIONDU TRAVAIL,15,10 € 20 minutes,30,30 € 60 min,300,Demarches administratives et/ou sante,,Entre 18 et 25 ans,Moins de 30 000,Femme
Yaounde,Un quartier de la ville de Yaounde,NKOA MBANG,AKOUADE,,Un quartier de la ville de Yaounde,NKOLGONE,OFEBE VILLAGE,,Par moto / moto taxi,MBANKOLO,CARREFOUR,NKOLGONE,OFEBE,Non,,,,,,Non,,,,60,Plus de 20 minutes,15,15 € 30 min,1000,Travail,,Entre 36 et 45 ans,Entre 30 001 et 100 000,Homme
Yaounde,Un quartier de la ville de Yaounde,MEYO,CHAPEL MEYO,,Un quartier de la ville de Yaounde,NGOA EKELLE,PERCEPTION,,Par moto / moto taxi,MEYO,CHAPEL MEYO,BARRIERE,CARREFOUR,Non,,,,,,Oui,Par taxi,MVOG ADA,CHAPELLE,25,Plus de 20 minutes,100,Plus de  1heure,900,Travail,,Entre 45 et 54 ans,Entre 300 001 et 500 000,Homme
Yaounde,Un quartier de la ville de Yaounde,ETOA MEKI,FOYE BANDJOUM,,Un quartier de la ville de Yaounde,ETOA MEKI,FOYE BENDJOUM,,Par taxi,EKOUNOU,CARREFOUR,ETOA MEKI,FOYE BAMDJOUME,Non,,,,,,Non,,,,20,Plus de 20 minutes,35,30 € 60 min,600,"Visite famille, amis",,Entre 36 et 45 ans,Entre 100 001 et 300 000,Homme
Yaounde,Un quartier de la ville de Yaounde,MFOU,MENDONG 2,,Un quartier de la ville de Yaounde,MFOU,MENDONG 2,,Par taxi,MFOU,MENDONG 2,AWAE ESCALIER,CARREFOUR,Non,,,,,,Oui,Par taxi,MFOU,MENDONG 2,1,Moins de 5 min,10,Moins de 15 min,600,Travail,,Entre 36 et 45 ans,Entre 30 001 et 100 000,Femme
Yaounde,Un quartier de la ville de Yaounde,ETOA AHALA,ETOA,,Un quartier de la ville de Yaounde,POSTE CENTRALE,SONEL CENTRAL,,Par moto / moto taxi,ETOA,CARREFOUR,BARRIERE,CARREFOUR,Non,,,,,,Oui,Par taxi,POSTE CENTRALE,SONEL,15,10 € 20 minutes,30,30 € 60 min,500,Travail,,Entre 36 et 45 ans,Plus de 500 001,Homme
Yaounde,Un quartier de la ville de Yaounde,ETOUG EBE,ETOUG EBE,,Un quartier de la ville de Yaounde,KOLBIKI,KOLBIKO,,Par moto / moto taxi,KOLBIKO,KOLBIKO,ETOUG EBE,ETOUG EBE,Non,,,,,,Non,,,,6,5 € 10 minutes,25,15 € 30 min,200,Autres,Etudes,Moins de 18 ans,Moins de 30 000,Femme
Yaounde,Un quartier de la ville de Yaounde,CITE VERTE,MONTEE CARNAVALE,,Un quartier de la ville de Yaounde,CARREFOUR MEEC,CARREFOR,,Par taxi,CITER VERTE,MONTE CARNAVALR,CARREFOUR MEEC,CARREFOUR,Non,,,,,,Non,,,,20,Plus de 20 minutes,20,15 € 30 min,208,"Visite famille, amis",,Entre 18 et 25 ans,Entre 30 001 et 100 000,Homme
Yaounde,Un quartier de la ville de Yaounde,ETOUG EBE,CENTRE DES HANDICAPES DE ETOUG EBE,,Un quartier de la ville de Yaounde,MONASTER,MONASTER,,A pied,,,,,Non,,,,,,Oui,Par taxi,MONASTER,MONASTER,35,Plus de 20 minutes,45,30 € 60 min,1000,"Visite famille, amis",,Entre 45 et 54 ans,Entre 300 001 et 500 000,Homme
Yaounde,Un quartier de la ville de Yaounde,OBOBOGO,AVANT RAIL,,Un quartier de la ville de Yaounde,AFANOYA,TROISIEME,,Par moto / moto taxi,OBOBOGO,AVANT RAIL,NSAM,CARREFOUR,Non,,,,,,Non,,,,20,Plus de 20 minutes,30,30 € 60 min,500,"Visite famille, amis",,Entre 36 et 45 ans,Entre 30 001 et 100 000,Femme
Yaounde,Un quartier de la ville de Yaounde,OYOM ABANG,MONGONNANG CHEFERI,,Un quartier de la ville de Yaounde,CETIC DE NGOA EKELLE,CETIC,,Par taxi,CHEFERI,MONGONNANG,CARREFOUR MEEC,CARREFOUR MEEC,Non,,,,,,Non,,,,15,10 € 20 minutes,15,15 € 30 min,150,Courses,,Entre 18 et 25 ans,Moins de 30 000,Femme
Yaounde,Un quartier de la ville de Yaounde,WARDA,COLLEGE LA RETRAITE,,Un quartier de la ville de Yaounde,MBALLA,ELEVEUR,,Par taxi,WARDA,COLLEGELA RETRAITE,OMNISIPORT,MOBIL,Non,,,,,,Oui,Par moto / moto taxi,MBALLA,ELEVEUR,30,Plus de 20 minutes,45,30 € 60 min,1000,"Activites de loisirs, sportives,/ voyages",,Entre 18 et 25 ans,Entre 30 001 et 100 000,Femme
Yaounde,Un quartier de la ville de Yaounde,ETOA,CARREFOUR ETOA,,Un quartier de la ville de Yaounde,MVAN,CARREFOUR MVAN,,Par moto / moto taxi,ETOA,CARREFOUR ETOA,BARRIERE,CARREFOUR BARRIERE,Non,,,,,,Oui,Par taxi,MVAN,CARREFOUR MVAN,15,10 € 20 minutes,25,15 € 30 min,500,"Activites de loisirs, sportives,/ voyages",,Entre 45 et 54 ans,Entre 300 001 et 500 000,Femme
Yaounde,Un quartier de la ville de Yaounde,MVOG ADA,MONTESKIEU,,Un quartier de la ville de Yaounde,RUE CEPER,CEPER,,Par taxi,MVOG ADA,MONTESKIEU,POSTE CENTRALE,CATHRDRALE,Non,,,,,,Non,,,,15,10 € 20 minutes,45,30 € 60 min,300,Demarches administratives et/ou sante,,Entre 26 et 35 ans,Entre 30 001 et 100 000,Femme
Yaounde,Un quartier de la ville de Yaounde,ETOA,MONTEE BIYEME,,Un quartier de la ville de Yaounde,MELEN,HOPITAL CHU,,Par moto / moto taxi,ETOA,MONTEE BIYEME,AHALA,TRADEX,Non,,,,,,Oui,Par taxi,MELEN,CHU,15,10 € 20 minutes,20,15 € 30 min,400,"Visite famille, amis",,Entre 45 et 54 ans,Entre 100 001 et 300 000,Femme
Yaounde,Un quartier de la ville de Yaounde,OLEMBE,CARRIERE OLEMBE,,Un quartier de la ville de Yaounde,ETOUDI,APRES LA MOSQUE,,Par taxi,OLEMBE,DEPOT DE SABLE,EMANA,BONNE FONTAINE,Non,,,,,,Oui,Par taxi,ETOUDI,APRES LA MOSQUEE,5,5 € 10 minutes,15,15 € 30 min,400,"Visite famille, amis",,Entre 18 et 25 ans,Moins de 30 000,Femme
Yaounde,Un quartier de la ville de Yaounde,SANTA BARBARA,FAETE,,Un quartier de la ville de Yaounde,EMIA,POLITEC,,Par taxi,EMANA,FAELE,MARCHE ETOUDI,CARREFOUR,Non,,,,,,Non,,,,10,10 € 20 minutes,15,15 € 30 min,250,Autres,Etudes,Entre 18 et 25 ans,Entre 30 001 et 100 000,Homme
Yaounde,Un quartier de la ville de Yaounde,BRIQUETERIE,SECTEUR APPAREIL,,Un quartier de la ville de Yaounde,WARDA,CHAMPANZE,,Par taxi,BRIQUETERIE,SECTEUR APPAREIL,POSTE CENTRALE,CENTRAL,Non,,,,,,Non,,,,30,Plus de 20 minutes,105,Plus de 1heure,500,Travail,,Entre 36 et 45 ans,Entre 100 001 et 300 000,Homme
Yaounde,Un quartier de la ville de Yaounde,ACACIA,CAMP CITE,,Un quartier de la ville de Yaounde,JOUVENCE,SAPIN,,A pied,,,,,Non,,,,,,Oui,Par moto / moto taxi,JOUVENCE,SAPIN,2,Moins de 5 min,1,Moins de 15 min,100,Autres,Etudes,Moins de 18 ans,Moins de 30 000,Femme
Yaounde,Un quartier de la ville de Yaounde,CORON,APRES SIANTOU,,Un quartier de la ville de Yaounde,EMOMBO,PREMIER CARREFOUR,,Par moto / moto taxi,CORON,APRES SIANTOU,EKOUNOU,CARREFOUR,Non,,,,,,Non,,,,5,5 € 10 minutes,28,15 € 30 min,100,"Activites de loisirs, sportives,/ voyages",,Entre 26 et 35 ans,Entre 30 001 et 100 000,Homme
Yaounde,Un quartier de la ville de Yaounde,ELIG NKOLO,CARREFOUR,,Un quartier de la ville de Yaounde,BARRIERE,AVANT CARREFOUR,,Par moto / moto taxi,ELIG NKOLO,CARREFOUR,MVAN,TOTAL,Non,,,,,,Oui,Par taxi,BARRIERE,AVANT LE CARREFOUR,20,Plus de 20 minutes,15,15 € 30 min,100,Travail,,Moins de 18 ans,Moins de 30 000,Homme
Yaounde,Un quartier de la ville de Yaounde,OMNISIPORT,COLLEGE DE L'ESPERANCE,,Un quartier de la ville de Yaounde,COLMESING,SOUPREFECTURE,,Par moto / moto taxi,SOUPREFECTURE,KOLMESING,OMNISIPORT,ESPERANCE,Non,,,,,,Non,,,,10,10 € 20 minutes,20,15 € 30 min,300,Autres,Etudes,Moins de 18 ans,Entre 30 001 et 100 000,Femme
Yaounde,Un quartier de la ville de Yaounde,ACACIA,DERRIERE ECOLE,,Un quartier de la ville de Yaounde,SCALOM,OXFORD,,A pied,,,,,Non,,,,,,Non,,,,2,Moins de 5 min,10,Moins de 15 min,150,Autres,Etudes,Moins de 18 ans,Entre 100 001 et 300 000,Femme
Yaounde,Un quartier de la ville de Yaounde,TKC,NESCAS,,Un quartier de la ville de Yaounde,SIMBOCK,ENTREE DES SОURS,,Par taxi,TKC,NESCAS,SIMBOCK,ENTREE,Non,,,,,,Oui,Par moto / moto taxi,SIMBOCK,ENTREE DES SОURS,5,5 € 10 minutes,15,15 € 30 min,200,Autres,Etudes,Moins de 18 ans,Entre 30 001 et 100 000,Homme
Yaounde,Un quartier de la ville de Yaounde,TONGOLO,TONGOLO ANCIEN BINAM,,Un quartier de la ville de Yaounde,TONGOLO,ANCIEN BINAM,,Par taxi,TONGOLO,ANCIEN BINAM,MOKOLO,NIKI MOKOLO,Non,,,,,,Oui,Par moto / moto taxi,TONGOLO,ANCIEN BINAM,1,Moins de 5 min,30,30 € 60 min,1500,Travail,,Entre 45 et 54 ans,Entre 30 001 et 100 000,Homme
Yaounde,Un quartier de la ville de Yaounde,BARRIERE,BELINGA EBOUNTOU,,Un quartier de la ville de Yaounde,MVOLYE,COLLEGE BENOIT,,Par moto / moto taxi,BARRIERE,BELINGA EBOUTOU,BARRIERE,TRADEX,Non,,,,,,Oui,Par taxi,MVOLYE,COLLEGE BENOIT,15,10 € 20 minutes,30,30 € 60 min,250,Autres,Etudes,Moins de 18 ans,Entre 100 001 et 300 000,Femme
Yaounde,Un quartier de la ville de Yaounde,MENDONG,NKOLISSEU,,Un quartier de la ville de Yaounde,SIMBOCK,JEAN JAURESSE,,Par moto / moto taxi,MENDONG,NKOLISSEU,SIMBOCK,ENTR! SIMBOCK,Non,,,,,,Oui,Par moto / moto taxi,SIMBOCK,JEAN JAURESSE,5,5 € 10 minutes,15,15 € 30 min,250,Travail,,Entre 45 et 54 ans,Entre 100 001 et 300 000,Homme
Yaounde,Un quartier de la ville de Yaounde,EYEGUE,ROND POINT MESSAMMEDONGO,,Un quartier de la ville de Yaounde,EKOUNOU,NKOMO,,Par taxi,MESSAMMEDONGO,CARREFOUR NVOGABAN,APRES LE ROND POINT ECOUNOU,APRES LE COPMMISSARIAT,Non,,,,,,Non,,,,5,5 € 10 minutes,5,Moins de 15 min,150,Travail,,Entre 26 et 35 ans,Entre 30 001 et 100 000,Homme
Yaounde,Un quartier de la ville de Yaounde,NSIMALEN,AEROPORT,,Un quartier de la ville de Yaounde,NKOLBISSON,CARREFOUR TIMI,,Par taxi,AEROGARD,NSIMALEN,POSTE CENTRALE,CENTRAL,Non,,,,,,Oui,Par taxi,NKOLBISSON,CARREFOURTIMI,2,Moins de 5 min,60,Plus de 1heure,700,Travail,,Entre 18 et 25 ans,Entre 30 001 et 100 000,Homme
Yaounde,Un quartier de la ville de Yaounde,BARRIERE,DOS D'ANE,,Un quartier de la ville de Yaounde,CARRIERE,JEAN VESPA,,A pied,,,,,Non,,,,,,Oui,Par taxi,CARRIERE,JEAN VESPA,15,10 € 20 minutes,45,30 € 60 min,1000,Travail,,Entre 45 et 54 ans,Entre 100 001 et 300 000,Homme
Yaounde,Un quartier de la ville de Yaounde,AFANOYA,CARREFOUR AFANOYOA,,Un quartier de la ville de Yaounde,MVOG MBI,MARCHE MVOG MBI,,Par moto / moto taxi,AFANOYA,CARREFOUR AFANOYOA,BARRIERE AHALA,EXPRESS UNION AHALA,Non,,,,,,Oui,Par taxi,MVOG MBI,MARCHE VOGT BI,45,Plus de 20 minutes,25,15 € 30 min,550,Courses,,Entre 18 et 25 ans,Moins de 30 000,Homme
Yaounde,Un quartier de la ville de Yaounde,CENTRE VILLE,ORANGE AVENUE KENNEDY,,Un quartier de la ville de Yaounde,NGOUSSO,CARAVEL,,A pied,,,,,Non,,,,,,Non,,,,5,5 € 10 minutes,60,Plus de 1heure,250,Autres,retour a la maison,Entre 18 et 25 ans,Moins de 30 000,Femme
Yaounde,Un quartier de la ville de Yaounde,NKOLMESSENG,NOUNOUS,,Un quartier de la ville de Yaounde,NKOLMESSENG,NOUNOUS,,Par taxi,MESSASSI,DISPENSAIRE,KONMESSEKN,NKONMESSEIN,Non,,,,,,Non,,,,25,Plus de 20 minutes,45,30 € 60 min,300,"Visite famille, amis",,Entre 18 et 25 ans,Entre 30 001 et 100 000,Femme
Yaounde,Un quartier de la ville de Yaounde,ODZA,KYCEE,,Un quartier de la ville de Yaounde,ODZA,OBERGE BLUE,,A pied,,,,,Non,,,,,,Non,,,,5,5 € 10 minutes,10,Moins de 15 min,100,Autres,Etudes,Moins de 18 ans,Entre 300 001 et 500 000,Homme
Yaounde,Un quartier de la ville de Yaounde,MFOU,MFOU,,Un quartier de la ville de Yaounde,MFOU,MFOU,,Par taxi,AWA ESCALIER,AWA ESCALIER,ACACIA,ACACIA,Non,,,,,,Non,,,,5,5 € 10 minutes,10,Moins de 15 min,500,Travail,,Entre 26 et 35 ans,Entre 30 001 et 100 000,Homme
Yaounde,Un quartier de la ville de Yaounde,NKOLMESSENG,NDJANKEU,,Un quartier de la ville de Yaounde,NKOLMESSENG,NDJANKEU,,Par taxi,NKOLMESSENG,DJANKEU,POSTE CENTRALE,POSTE CENTRALE,Non,,,,,,Non,,,,3,Moins de 5 min,20,15 € 30 min,250,Courses,,Entre 18 et 25 ans,Entre 30 001 et 100 000,Homme
Yaounde,Un quartier de la ville de Yaounde,DRAGAGE,CLOPE CAMTEL,,Un quartier de la ville de Yaounde,NGOUSSO,NGOUSSO CHAPPELLE,,A pied,,,,,Oui,A pied,CARREFOUR REGI,CARREFOUR REGI,MOBIL OMNISIPORT,OMNISIPORT,Oui,A pied,NGOUSSO,CHAPPELLE NGOUSSO,10,10 € 20 minutes,1,Moins de 15 min,500,Autres,Etudes,Moins de 18 ans,Entre 30 001 et 100 000,Homme
Yaounde,Un quartier de la ville de Yaounde,EMOMBO,2EME,,Un quartier de la ville de Yaounde,ELIG EDZOA,SAFCA,,A pied,,,,,Non,,,,,,Oui,Par taxi,ELIG EDZOA,SAFCA,60,Plus de 20 minutes,15,15 € 30 min,100,Travail,,Entre 36 et 45 ans,Moins de 30 000,Homme
Yaounde,Un quartier de la ville de Yaounde,AHALA 2,SIM,,Un quartier de la ville de Yaounde,JOUVENCE,MONTE JOUVENCE,,Par moto / moto taxi,AHALA 2,SIM,AHALA,BARRIERE,Non,,,,,,Oui,Par taxi,JOUVENCE,MONTE JOUVENCE,5,5 € 10 minutes,35,30 € 60 min,400,Travail,,Entre 18 et 25 ans,Entre 100 001 et 300 000,Femme
Yaounde,Un quartier de la ville de Yaounde,NKOLMESSENG,PETIT PARIS,,Un quartier de la ville de Yaounde,HUITIEME,ENEO HUITIEME,,Par taxi,HOTEL DU PLATEAU,CARREFOUR,ACACIA,CARREFOUR ACACIAD,Non,,,,,,Non,,,,30,Plus de 20 minutes,60,Plus de 1heure,700,Travail,,Entre 45 et 54 ans,Entre 30 001 et 100 000,Homme
Yaounde,Un quartier de la ville de Yaounde,EMANA,BONNE FONTAINE,,Un quartier de la ville de Yaounde,SANGNELINA,HOPITAL DE REFERENCE,,Par taxi,EMANA,BONNE FONTAINE,ROND POINT NLOLKAN,ROND POINT NLOKA,Non,,,,,,Oui,Un particulier,SANGMELINA,HOPITAL DE REFERENCE DE SANGMELINA,10,10 € 20 minutes,15,15 € 30 min,200,Travail,,Entre 36 et 45 ans,Moins de 30 000,Homme
Yaounde,Un quartier de la ville de Yaounde,CENTRE VILLE,HILTON,,Un quartier de la ville de Yaounde,NKONGOA,APRES AWAE,,A pied,,,,,Non,,,,,,Oui,Par taxi,MVOG MBI,CORON,10,10 € 20 minutes,90,Plus de 1heure,1600,Travail,,Entre 36 et 45 ans,Entre 100 001 et 300 000,Homme
Yaounde,Un quartier de la ville de Yaounde,OLEMBE,STADE,,Un quartier de la ville de Yaounde,OLEMBE,STADE,,Par taxi,MESSASSI,MESSASSI,SIMBOCCK,CARREFOUR,Non,,,,,,Oui,Par taxi,OLEMBE,STADE,10,10 € 20 minutes,45,30 € 60 min,500,Travail,,Entre 45 et 54 ans,Entre 300 001 et 500 000,Homme
Yaounde,Un quartier de la ville de Yaounde,SOA,BANDA,,Un quartier de la ville de Yaounde,SIMBOCK,ENTRE SIMBOC,,Par taxi,SOA,BANDA,POSTE CENTRALE,SONEL,Non,,,,,,Oui,Par taxi,SIMBOCK,ENTREE SIMBOCK,5,5 € 10 minutes,45,30 € 60 min,500,"Visite famille, amis",,Entre 26 et 35 ans,Entre 30 001 et 100 000,Homme
Yaounde,Un quartier de la ville de Yaounde,FOUDA,CATHEDRALE DU QUARTIER FOUDA,,Un quartier de la ville de Yaounde,SANTA BARBARA,ANCIEN 6EME,,Par taxi,QUARTIER FOUDA,CATHEDRALE,OMNISIPORT,MOBIL,Non,,,,,,Non,,,,2,Moins de 5 min,15,15 € 30 min,350,Autres,Etudes,Entre 18 et 25 ans,Entre 30 001 et 100 000,Femme
Yaounde,Un quartier de la ville de Yaounde,SANTA BARBARA,AU NIVEAU DU TCHADE,,Un quartier de la ville de Yaounde,TSINGA,LYCEE DE TSINGA,,Par taxi,SANTA BARBARA,LE TCHADE,ETOUDI,MARCHE,Non,,,,,,Non,,,,30,Plus de 20 minutes,20,15 € 30 min,250,Autres,Etudes,Entre 18 et 25 ans,Moins de 30 000,Femme
Yaounde,Un quartier de la ville de Yaounde,SIMBOCK,BASE MILITAIRE,,Un quartier de la ville de Yaounde,CARRIERE,CARREFOUR CARRIERE,,Par taxi,SIMBOCK,BASE MILITAIRE,SIMBOCK,ENTREE SIMBOCK,Oui,Par moto / moto taxi,BASE MILITAIRE,BASE MILITAIRE,SIMBOCK,ENTREE SIMBOCK,Non,,,,10,10 € 20 minutes,25,15 € 30 min,600,"Visite famille, amis",,Entre 18 et 25 ans,Moins de 30 000,Femme
Yaounde,Un quartier de la ville de Yaounde,MVAN,SANTA LUCIA MVAN,,Un quartier de la ville de Yaounde,MENDONG,BASE MILITAIRE,,Par taxi,MVAN,CARREFOUR MVAN,SIMBOCK,ENTREE SIMBOCK,Non,,,,,,Non,,,,13,10 € 20 minutes,28,15 € 30 min,800,"Activites de loisirs, sportives,/ voyages",,Entre 36 et 45 ans,Entre 300 001 et 500 000,Femme
Yaounde,Un quartier de la ville de Yaounde,EKOUNOU,EKOUNOU MARCHE,,Un quartier de la ville de Yaounde,AWAE,COLLEGE PIERRE MONTI,,Par taxi,EKOUNOU,EKOUNOU PALAIS,AWAE,AWAE CARREFOUR,Non,,,,,,Non,,,,25,Plus de 20 minutes,50,30 € 60 min,600,Demarches administratives et/ou sante,,Entre 55ans et 64 ans,Entre 300 001 et 500 000,Homme
Yaounde,Un quartier de la ville de Yaounde,NKOM-KANA,MACABO,,Un quartier de la ville de Yaounde,NKOM-KANA,MACABO,,Par taxi,NKOM-KANA,MACABO,ODZA,TERMINUS,Non,,,,,,Non,,,,20,Plus de 20 minutes,50,30 € 60 min,400,"Visite famille, amis",,Entre 26 et 35 ans,Entre 300 001 et 500 000,Femme
Yaounde,Un quartier de la ville de Yaounde,NKOM-KANA,MAISON DE PARTIE,,Un quartier de la ville de Yaounde,NKOM-KANA,MAISON DE PARTI,,Par taxi,NKOM-KANA,MAISON DE PARTIE,NLONGKAK,TOTAL,Non,,,,,,Non,,,,10,10 € 20 minutes,20,15 € 30 min,200,"Visite famille, amis",,Entre 45 et 54 ans,Entre 30 001 et 100 000,Femme
Yaounde,Un quartier de la ville de Yaounde,NGOUSSO,DESENTEELEVEUR,,Un quartier de la ville de Yaounde,MIMBONAN,CHECKSPEE,,Par moto / moto taxi,NGOUSSO,DECENTE ELEVEUR,OMNISIPORT,MOBIL,Non,,,,,,Oui,Par taxi,MIMBOMAN,CHESK,5,5 € 10 minutes,25,15 € 30 min,200,"Visite famille, amis",,Entre 26 et 35 ans,Entre 30 001 et 100 000,Homme
Yaounde,Un quartier de la ville de Yaounde,MOKOLO,FACEDOVE,,Un quartier de la ville de Yaounde,MBANKOLO,VILLAGE FOBE,,Par moto / moto taxi,BAKOLO,CARREFOUR,VILLAGE FOBE,VILLAGE FOBE,Non,,,,,,Non,,,,6,5 € 10 minutes,30,30 € 60 min,400,Travail,,Entre 18 et 25 ans,Moins de 30 000,Homme
Yaounde,Un quartier de la ville de Yaounde,OYOM ABANG,TECLA,,Un quartier de la ville de Yaounde,CARREFOUR MEEC,DERRIERE EGLISE MEEC,,A pied,,,,,Non,,,,,,Non,,,,2,Moins de 5 min,4,Moins de 15 min,100,Autres,rencontre,Entre 26 et 35 ans,Entre 100 001 et 300 000,Femme
Yaounde,Un quartier de la ville de Yaounde,EFOULAN,PRES DE LA BISILIQUE,,Un quartier de la ville de Yaounde,MVOLYE,BASILIQUE,,Par taxi,CARREFOUR EFOULAN,FACE GENDARMERIE,WIMBOCK,ENTREE DU LYCEE,Non,,,,,,Oui,Par taxi,MVOLYE,BASILIQUE,10,10 € 20 minutes,40,30 € 60 min,500,"Visite famille, amis",,Moins de 18 ans,Entre 30 001 et 100 000,Femme
Yaounde,Un quartier de la ville de Yaounde,NKONDENGUI,ENTREEELATCHENCO,,Un quartier de la ville de Yaounde,NKONDENGUI,ENTREE DE EL PATCHENCO,,Par taxi,NKONDENGUI,MOBIL,POSTE CENTRALE,CENTRAL,Non,,,,,,Oui,Par taxi,NKONDENGUI,MOBIL,5,5 € 10 minutes,15,15 € 30 min,350,Courses,,Entre 26 et 35 ans,Moins de 30 000,Femme
Yaounde,Un quartier de la ville de Yaounde,ETOUDI,ETOUDI PALAIS,,Un quartier de la ville de Yaounde,MENDONG,DOVV MENDONG,,Par taxi,ETOUDI,ETOUDI PALAIS,SIMBOCK,ENTREE SIMBOCK,Non,,,,,,Non,,,,45,Plus de 20 minutes,50,30 € 60 min,1200,Demarches administratives et/ou sante,,Entre 45 et 54 ans,Entre 300 001 et 500 000,Homme
Yaounde,Un quartier de la ville de Yaounde,CENTRE VILLE,IMMEUBLE SHELL AVENUE KENNEDY,,Un quartier de la ville de Yaounde,FOUDA,MELIMELO,,A pied,,,,,Non,,,,,,Non,,,,20,Plus de 20 minutes,30,30 € 60 min,250,Autres,retour a la maison,Entre 18 et 25 ans,Moins de 30 000,Homme
Yaounde,Un quartier de la ville de Yaounde,MBANKOLO,MONTE HUITIEME,,Un quartier de la ville de Yaounde,HUITIEM,MONTE,,Par moto / moto taxi,MBANKOLO,CARREFOUR,HUITIEME,MONTE,Non,,,,,,Non,,,,10,10 € 20 minutes,30,30 € 60 min,300,Courses,,Entre 18 et 25 ans,Moins de 30 000,Homme
Yaounde,Un quartier de la ville de Yaounde,MVOG ADA,"ENFACE HOTEL MIRADOR, COLLEGE MONTESQIEU",,Un quartier de la ville de Yaounde,ELIG EFFA,ECOLE DES TRAVAUX,,A pied,,,,,Non,,,,,,Oui,Par taxi,ELIG EFFA,ECOLE DES TRAVAUX,20,Plus de 20 minutes,30,30 € 60 min,150,Autres,Etudes,Entre 18 et 25 ans,Entre 100 001 et 300 000,Homme
Yaounde,Un quartier de la ville de Yaounde,MBALLA 2,DERRIERE LE GEORGES 5,,Un quartier de la ville de Yaounde,PROVINCE,SERVICE DU GOUVERNEUR,,Par taxi,MBALLA 2,DEVANT LE GEORGE 5,NLONGKAK,BATA NLONGKAK,Non,,,,,,Oui,Par taxi,CENTRE VILLE,SERVICE DU GOUVERNEUR,5,5 € 10 minutes,10,Moins de 15 min,400,"Visite famille, amis",,Entre 36 et 45 ans,Entre 100 001 et 300 000,Homme
Yaounde,Un quartier de la ville de Yaounde,CARRIERE,MANGUIER,,Un quartier de la ville de Yaounde,CARRIERE,MANGUIER,,Par taxi,MBANKOLO,TRADRX,CARRIERE,MANGUIER,Non,,,,,,Non,,,,5,5 € 10 minutes,60,Plus de 1heure,500,Courses,,Entre 55ans et 64 ans,Entre 100 001 et 300 000,Homme
Yaounde,Un quartier de la ville de Yaounde,MESSASSI,CARREFOUR MESSASSI,,Un quartier de la ville de Yaounde,EKOUM DOUM,DIXIEME,,A pied,,,,,Non,,,,,,Non,,,,30,Plus de 20 minutes,20,15 € 30 min,250,Courses,,Entre 36 et 45 ans,Entre 300 001 et 500 000,Femme
Yaounde,Un quartier de la ville de Yaounde,MINKAN,CARREFOUR JESUS,,Un quartier de la ville de Yaounde,ELIG ESSONO,RUE CEPER MINFOP,,A pied,,,,,Non,,,,,,Oui,Par taxi,RUE CEPER,RUE CEPER MINFOP,30,Plus de 20 minutes,100,Plus de 1heure,250,Courses,,Entre 36 et 45 ans,Entre 30 001 et 100 000,Femme
Yaounde,Un quartier de la ville de Yaounde,NIOM,SOUS MANGUIERET,,Un quartier de la ville de Yaounde,CITE VERTE,PARQUE NATIONAL,,Par taxi,CHAPELLE,DISPANSAIRE,MESSASSI,DISPANSAIRE,Non,,,,,,Oui,Par taxi,MOKOLO,MARCHE,20,Plus de 20 minutes,30,30 € 60 min,300,Travail,,Entre 26 et 35 ans,Entre 100 001 et 300 000,Homme
Yaounde,Un quartier de la ville de Yaounde,ETETAK,DERRIERE MAGASINE,,Un quartier de la ville de Yaounde,POSTE CENTRALE,HOTEL DE VILLE,,A pied,,,,,Oui,Par taxi,CARREFOUR MEEC,ETETAK,POSTE CENTRALE,HOTEL,Non,,,,38,Plus de 20 minutes,15,15 € 30 min,300,Courses,,Entre 36 et 45 ans,Entre 30 001 et 100 000,Homme
Yaounde,Un quartier de la ville de Yaounde,NKOM-KANA,CARREFOUR RDPC,,Un quartier de la ville de Yaounde,NKOM-KANA,RDPC,,Par taxi,NKOM-KANA,RDPC,NLONGKAK,COLLEGE MATEMFEN,Non,,,,,,Non,,,,10,10 € 20 minutes,30,30 € 60 min,250,Autres,Etudes,Entre 18 et 25 ans,Entre 30 001 et 100 000,Femme
Yaounde,Un quartier de la ville de Yaounde,AWAE,DERRIERE PEKOU COLLEGE,,Un quartier de la ville de Yaounde,CENTRE VILLE,BOULANGERIE ELIZE,,Par moto / moto taxi,AWAE,DERRIERE PEKOU COLLEGE,EKOUNOU,CARREFOUR,Non,,,,,,Oui,A pied,CENTRE VILLE,BOULANGERIE ELIZE,5,5 € 10 minutes,20,15 € 30 min,350,Courses,,Entre 45 et 54 ans,Entre 300 001 et 500 000,Femme
Yaounde,Un quartier de la ville de Yaounde,MVAN,CARREFOUR MVAN,,Un quartier de la ville de Yaounde,MVOG TIGUI,CONTENNEUR MVOG TUGUI,,Par taxi,MVAN,CARREFOUR MVAN,BARRIERE,BARRIERE AHALA,Non,,,,,,Non,,,,15,10 € 20 minutes,10,Moins de 15 min,600,"Visite famille, amis",,Entre 26 et 35 ans,Entre 30 001 et 100 000,Homme
Yaounde,Un quartier de la ville de Yaounde,NIOM,DOS DANE,,Un quartier de la ville de Yaounde,MVAN,PAROISSE TOUT ST,,A pied,,,,,Non,,,,,,Oui,Par taxi,MVAN,PAROISSE TOUT ST,20,Plus de 20 minutes,50,30 € 60 min,500,"Activites de loisirs, sportives,/ voyages",,Entre 26 et 35 ans,Entre 30 001 et 100 000,Femme
Yaounde,Un quartier de la ville de Yaounde,MVOG BETSI,VOG ATANGANA MBALA,,Un quartier de la ville de Yaounde,MVOG ATANGANA MBALLA,VOG ATANGANA BALLA,,Par taxi,MVOG ATANGANA MBALLA,PIMENTERIE,MVAN,CARREFIUR,Non,,,,,,Non,,,,5,5 € 10 minutes,20,15 € 30 min,250,Courses,,Entre 18 et 25 ans,Entre 30 001 et 100 000,Femme
Yaounde,Un quartier de la ville de Yaounde,NLONGKAK,NLONGKAK,,Un quartier de la ville de Yaounde,BRIQUETERIE,CARREFOUR SOYA,,A pied,,,,,Non,,,,,,Non,,,,15,10 € 20 minutes,30,30 € 60 min,100,"Visite famille, amis",,Moins de 18 ans,Entre 100 001 et 300 000,Femme
Yaounde,Un quartier de la ville de Yaounde,DAMAS,DAMAS,,Un quartier de la ville de Yaounde,MSAM,MSAM GARANTI,,Par taxi,DAMAA,DAMAS,SIMBOCK,SIMBOCK,Oui,Par taxi,DAMAS,DAMAS,SIMBOCK,SIMBOCK,Non,,,,35,Plus de 20 minutes,40,30 € 60 min,600,Demarches administratives et/ou sante,,Entre 36 et 45 ans,Entre 100 001 et 300 000,Homme
Yaounde,Un quartier de la ville de Yaounde,NKOL BIKOK,TRADEX,,Un quartier de la ville de Yaounde,MVOLYE,BAILIC,,Par taxi,NKOL BIKOK,TRADEX,MELEN,TOTAL,Non,,,,,,Non,,,,30,Plus de 20 minutes,45,30 € 60 min,500,"Activites de loisirs, sportives,/ voyages",,Entre 45 et 54 ans,Entre 100 001 et 300 000,Femme
Yaounde,Un quartier de la ville de Yaounde,MVOG BETSI,HOLY INFANT,,Un quartier de la ville de Yaounde,NKOM-KANA,NKOM-KANA,,Par taxi,NKOM-KANA,NKOM-KANA,HOLY INFANT,HOLY INFANT,Non,,,,,,Non,,,,2,Moins de 5 min,20,15 € 30 min,250,Autres,Etudes,Moins de 18 ans,Entre 30 001 et 100 000,Femme
Yaounde,Un quartier de la ville de Yaounde,MESSA,HOPITAL CENTRAL,,Un quartier de la ville de Yaounde,NKOLMESSENG,APRES,,Par taxi,HOPITAL CENTRAL,HOPITAL,POSTE CENTRALE,POSTE CENTRALE,Non,,,,,,Non,,,,12,10 € 20 minutes,5,Moins de 15 min,150,"Visite famille, amis",,Entre 18 et 25 ans,Entre 100 001 et 300 000,Femme
Yaounde,Un quartier de la ville de Yaounde,NSIMEYONG,NSIMEYONG,,Un quartier de la ville de Yaounde,NSIMEYONG,NSIMEYONG,,Par taxi,NDS,NSIMEYONG,ACACIA,ACACIA,Non,,,,,,Non,,,,1,Moins de 5 min,5,Moins de 15 min,150,Courses,,Entre 45 et 54 ans,Moins de 30 000,Femme
Yaounde,Un quartier de la ville de Yaounde,SIMBOCK,FOUDA,,Un quartier de la ville de Yaounde,MADAGASCAR,MOBIL MADAGASCAR,,Par taxi,SIMBOCK,CARREFOUR,ACACIA,CARREFOUR ACACIA,Non,,,,,,Non,,,,1,Moins de 5 min,1,Moins de 15 min,2000,Courses,,Entre 26 et 35 ans,Entre 100 001 et 300 000,Femme
Yaounde,Un quartier de la ville de Yaounde,MEYO,LYCEE,,Un quartier de la ville de Yaounde,AHALA 1,HOPITAL MARIA ROSA,,Par moto / moto taxi,MEYO,LYCEE DE MEYO,AHALA2,TRADEX,Non,,,,,,Oui,Par moto / moto taxi,AHALA 1,HOPITAL MARIA ROSA,5,5 € 10 minutes,15,15 € 30 min,500,"Visite famille, amis",,Entre 18 et 25 ans,Entre 30 001 et 100 000,Homme
Yaounde,Un quartier de la ville de Yaounde,DAKAR,GARE,,Un quartier de la ville de Yaounde,SIMBOCK,ECOLE DE GUERRE,,Par taxi,EFOULAN,CARREFOUR,BIYEM ASSI,ACACIA,Oui,Un particulier,DAKAR,GUARRR,EFOULAN,CARREFOUR,Oui,Par taxi,TKC,CARREFOUR,4,Moins de 5 min,30,30 € 60 min,250,Travail,,Entre 45 et 54 ans,Entre 100 001 et 300 000,Homme
Yaounde,Un quartier de la ville de Yaounde,POSTE CENTRALE,POSTE CENTRALE,,Un quartier de la ville de Yaounde,EMOMBO,1ER,,Par taxi,POSTE CENTRALE,POSTE CENTRALE,POSTE CENTRALE,POSTE CENTRALE,Non,,,,,,Non,,,,10,10 € 20 minutes,9,Moins de 15 min,200,"Activites de loisirs, sportives,/ voyages",,Entre 45 et 54 ans,Entre 100 001 et 300 000,Homme
Yaounde,Un quartier de la ville de Yaounde,OBOBOGO,OBOBOGO RAIL,,Un quartier de la ville de Yaounde,OBOBOGO,RAIL,,Par taxi,OBBOGO,CARREFOUR MEEC,CARREFOUR,NKOLBISSON,Non,,,,,,Non,,,,1,Moins de 5 min,35,30 € 60 min,800,Travail,,Entre 45 et 54 ans,Entre 100 001 et 300 000,Femme
Yaounde,Un quartier de la ville de Yaounde,NKOMO,PETIT MARCHE PLANTIN,,Un quartier de la ville de Yaounde,EKOUNOU,MORGUE,,A pied,,,,,Non,,,,,,Non,,,,2,Moins de 5 min,2,Moins de 15 min,200,Courses,,Plus de 65 ans,Entre 30 001 et 100 000,Homme
Yaounde,Un quartier de la ville de Yaounde,OMNISIPORT,NFANDENA,,Un quartier de la ville de Yaounde,FOURGEROLLES,COMPLEX BAR,,A pied,,,,,Non,,,,,,Non,,,,5,5 € 10 minutes,30,30 € 60 min,150,"Activites de loisirs, sportives,/ voyages",,Moins de 18 ans,Entre 30 001 et 100 000,Femme
Yaounde,Un quartier de la ville de Yaounde,NKOA MBANG,VIE CONTINU,,Un quartier de la ville de Yaounde,MBALLA 2,JEAMOT,,Par moto / moto taxi,NKOA MBANG,VIE CONTINU,NKOA MBANG,CARREFOUR,Non,,,,,,Oui,Par taxi,MBALLA 2,JEAMOT,30,Plus de 20 minutes,1,Moins de 15 min,400,Demarches administratives et/ou sante,,Entre 18 et 25 ans,Entre 100 001 et 300 000,Femme
Yaounde,Un quartier de la ville de Yaounde,TKC,TKC,,Un quartier de la ville de Yaounde,ACACIA,CARREFOUR ACACIA,,Par moto / moto taxi,MENDONG,CARREFOUR BANANE,NSIMEYONG,CHAPPELLE NSSIMEYONG,Oui,A pied,NKOLSSIE,CARREFOUR NKOLSSIE,NKOLDOUE,LAMPADER,Non,,,,6,5 € 10 minutes,15,15 € 30 min,250,"Activites de loisirs, sportives,/ voyages",,Entre 45 et 54 ans,Moins de 30 000,Homme
Yaounde,Un quartier de la ville de Yaounde,EMANA,PEYIT VILLAGE,,Un quartier de la ville de Yaounde,SANTA BARBARA,ENTRE TCHOUGUI,,Par moto / moto taxi,EMANA,PETIT VILLAGE,EMANA,BORNE FONTAINNE,Non,,,,,,Oui,Par taxi,SANTA BARBARA,TCHOUNGUI,2,Moins de 5 min,20,15 € 30 min,200,"Visite famille, amis",,Moins de 18 ans,Moins de 30 000,Homme
Yaounde,Un quartier de la ville de Yaounde,ESSOMBA,CARREFOUR ESSOMBA,,Un quartier de la ville de Yaounde,NKOL FOULOU,CARREFOUR NKOL FOULOU,,Par taxi,OMNISIPORT,MOBIL OMINSPORT,NKOL FOULOU,COLLEGE NKOL FOULOU,Non,,,,,,Non,,,,2,Moins de 5 min,5,Moins de 15 min,500,Travail,,Entre 45 et 54 ans,Entre 30 001 et 100 000,Femme
Yaounde,Un quartier de la ville de Yaounde,AKOKNDUE,KODOUE,,Un quartier de la ville de Yaounde,NKOA MBANG,NKOA MBANG,,Par taxi,MODOUE,MODOUE,NKOLBISSON,CARREFOUR,Non,,,,,,Non,,,,15,10 € 20 minutes,20,15 € 30 min,300,Courses,,Entre 36 et 45 ans,Entre 30 001 et 100 000,Femme
Yaounde,Un quartier de la ville de Yaounde,MESSA,CITE SIC MESSA,,Un quartier de la ville de Yaounde,MESSA,CITE SIC MESA,,Par Cargo/ Mini Bus,MESSA,MOKOLO,MENDONG,ENTREE SIMBOCK,Oui,Par taxi,MESSA,CITE SIC,MOKOLO,MONTEE ELIG EFFA,Oui,Par moto / moto taxi,MESSA,CITE SIC,15,10 € 20 minutes,30,30 € 60 min,700,Travail,,Entre 26 et 35 ans,Entre 30 001 et 100 000,Femme
Yaounde,Un quartier de la ville de Yaounde,NKOLODOM,PRESCOLAIRE,,Un quartier de la ville de Yaounde,MARCHE MFOUNDI,APRES HYSACAN,,Un particulier,NKOLODOM,PRESCOLAIRE,POSTE CENTRALE,PALAIS DE JUSTICE,Non,,,,,,Non,,,,5,5 € 10 minutes,30,30 € 60 min,1000,Travail,,Entre 18 et 25 ans,Entre 30 001 et 100 000,Homme
Yaounde,Un quartier de la ville de Yaounde,MBANKOMO,ANCIENPAYAGE,,Un quartier de la ville de Yaounde,NKOMO,DISPENSAIRE NKOMO,,Par Cargo/ Mini Bus,MBANKOMO,ANCIEN PAYAGE,BARRIERE AHALA,BARRIERE AHALA,Non,,,,,,Oui,Par taxi,NKOMO,DISPENS A IRE,5,5 € 10 minutes,45,30 € 60 min,600,Travail,,Entre 36 et 45 ans,Entre 100 001 et 300 000,Femme
Yaounde,Un quartier de la ville de Yaounde,JOUVENCE,MONTEE,,Un quartier de la ville de Yaounde,JOUVENCE,MONTEE,,A pied,,,,,Non,,,,,,Non,,,,10,10 € 20 minutes,20,15 € 30 min,250,Courses,,Entre 18 et 25 ans,Entre 100 001 et 300 000,Femme
Yaounde,Un quartier de la ville de Yaounde,MBANKOMO,ELOUMDEM,,Un quartier de la ville de Yaounde,MVOG MBI,MARCHE MVOG MBI,,Par moto / moto taxi,MBANKOMO,ELOUMDEM LL,SIMBOCK,ENTREE SIMBOCK,Non,,,,,,Oui,Par taxi,MVOG MBI,MARCHE MVOG MBI,35,Plus de 20 minutes,60,Plus de 1heure,2100,Autres,achat,Entre 45 et 54 ans,Entre 30 001 et 100 000,Femme
Yaounde,Un quartier de la ville de Yaounde,NKOLMESSENG,NKOLMESSENG APRES LE CHEF,,Un quartier de la ville de Yaounde,MVOGT,CARREFOUR MVOGT,,Par moto / moto taxi,NKOLMESSENG,NKOLMESSENG,HOTEL DU PLATEAU,HOTEL LE PLATEAU,Oui,Par taxi,HOTEL DU PLATEAU,HOTEL DU PLATEAU,MVOGT,CARREFOUR MVOK,Non,,,,10,10 € 20 minutes,15,15 € 30 min,900,"Activites de loisirs, sportives,/ voyages",,Entre 18 et 25 ans,Entre 30 001 et 100 000,Homme
Yaounde,Un quartier de la ville de Yaounde,NKONDENGUI,NOUVELLE CAROSEL,,Un quartier de la ville de Yaounde,BASTOS,AMBASSADE ITALI,,Par taxi,NKONDENGUI,NOUVELLE ROUTE CAROSEL,MIMBOMAN,TERMINUS,Non,,,,,,Oui,Par taxi,BASTOS,ANCIEN AMBASSADE D'ITALIE,5,5 € 10 minutes,40,30 € 60 min,400,Travail,,Entre 26 et 35 ans,Entre 300 001 et 500 000,Homme
Yaounde,Un quartier de la ville de Yaounde,MESSASSI,COMISSARIA,,Un quartier de la ville de Yaounde,OBOBOGO,ENTRE BNEDITE,,A pied,,,,,Non,,,,,,Oui,Par taxi,OBOBOGO,ENTRE BENETITE,30,Plus de 20 minutes,50,30 € 60 min,500,Travail,,Entre 36 et 45 ans,Entre 30 001 et 100 000,Homme
Yaounde,Un quartier de la ville de Yaounde,BATA NLONGKAK,COLLEGE ADVENTISTE DE YAOUNDE,,Un quartier de la ville de Yaounde,NGOUSSO,ELEVEUR,,A pied,,,,,Non,,,,,,Oui,Par taxi,NGOUSSO,CHAPPELLE NGOUSSO,5,5 € 10 minutes,20,15 € 30 min,100,Autres,Etudes,Entre 18 et 25 ans,Moins de 30 000,Femme
Yaounde,Un quartier de la ville de Yaounde,SANTA BARBARA,AVANT CARREFOUR,,Un quartier de la ville de Yaounde,SANTA BARBARA,AVANT CARREFOUR,,Par taxi,SANTA BARBARA,CARREFOUR,SIMBOCK,ENTREE,Non,,,,,,Non,,,,5,5 € 10 minutes,40,30 € 60 min,250,Courses,,Entre 45 et 54 ans,Entre 30 001 et 100 000,Femme
Yaounde,Un quartier de la ville de Yaounde,NKOL NDA,ROUTE DE NSIMALEN,,Un quartier de la ville de Yaounde,NKOLMESSENG,CARRDFOUR MONT BELINGA,,Par taxi,NSIMALEN,NKOL NDA,MVAN,CARREFOUR NVAM,Non,,,,,,Oui,Par taxi,ESSOS,CARREFOUR HOTEL DU PLATEAU,5,5 € 10 minutes,30,30 € 60 min,1400,Travail,,Entre 26 et 35 ans,Entre 100 001 et 300 000,Homme
Yaounde,Un quartier de la ville de Yaounde,JOUVENCE,STATION CAMOCO,,Un quartier de la ville de Yaounde,NKOLBISSON,HOPITAL DE DISTRICT,,Par taxi,JOUVENCE,STATION CAMOCO,CARREFOUR MEEC,CARREFOUR,Non,,,,,,Non,,,,5,5 € 10 minutes,20,15 € 30 min,500,"Visite famille, amis",,Entre 18 et 25 ans,Entre 300 001 et 500 000,Femme
